order_date,order_time,payment_type,customer_card,amount_spent,product
2024-03-01,10:15:51,card,ANON-0000-0000-0001,38.70,Latte
2024-03-01,12:19:23,card,ANON-0000-0000-0002,38.70,"Hot Chocolate"
2024-03-01,12:20:18,card,ANON-0000-0000-0002,38.70,"Hot Chocolate"
2024-03-01,13:46:33,card,ANON-0000-0000-0003,28.90,Americano
2024-03-01,13:48:15,card,ANON-0000-0000-0004,38.70,Latte
2024-03-01,15:39:48,card,ANON-0000-0000-0005,33.80,"Americano with Milk"
2024-03-01,16:19:03,card,ANON-0000-0000-0006,38.70,"Hot Chocolate"
2024-03-01,18:39:04,card,ANON-0000-0000-0007,33.80,"Americano with Milk"
2024-03-01,19:22:02,card,ANON-0000-0000-0008,38.70,Cocoa
2024-03-01,19:23:16,card,ANON-0000-0000-0008,33.80,"Americano with Milk"
2024-03-01,19:29:17,card,ANON-0000-0000-0009,33.80,"Americano with Milk"
2024-03-02,10:22:07,card,ANON-0000-0000-0010,28.90,Americano
2024-03-02,10:30:36,cash,,40.00,Latte
2024-03-02,10:41:41,card,ANON-0000-0000-0011,33.80,"Americano with Milk"
2024-03-02,11:59:45,card,ANON-0000-0000-0012,33.80,"Americano with Milk"
2024-03-02,14:38:36,card,ANON-0000-0000-0013,28.90,Americano
2024-03-02,16:37:24,card,ANON-0000-0000-0014,33.80,"Americano with Milk"
2024-03-02,17:34:55,card,ANON-0000-0000-0004,28.90,Americano
2024-03-03,10:10:44,cash,,40.00,Latte
2024-03-03,10:27:19,card,ANON-0000-0000-0015,38.70,Latte
2024-03-03,11:33:56,card,ANON-0000-0000-0016,28.90,Cortado
2024-03-03,12:26:56,card,ANON-0000-0000-0012,28.90,Americano
2024-03-03,13:09:36,card,ANON-0000-0000-0017,38.70,"Hot Chocolate"
2024-03-03,17:06:40,card,ANON-0000-0000-0018,38.70,Cocoa
2024-03-03,17:08:46,card,ANON-0000-0000-0019,28.90,Cortado
2024-03-03,18:03:23,card,ANON-0000-0000-0020,33.80,"Americano with Milk"
2024-03-03,18:04:28,card,ANON-0000-0000-0020,33.80,"Americano with Milk"
2024-03-03,18:08:05,card,ANON-0000-0000-0020,38.70,"Hot Chocolate"
2024-03-04,10:03:52,card,ANON-0000-0000-0001,38.70,Latte
2024-03-04,10:54:51,card,ANON-0000-0000-0021,38.70,Latte
2024-03-04,11:05:16,card,ANON-0000-0000-0012,33.80,"Americano with Milk"
2024-03-04,14:04:38,card,ANON-0000-0000-0022,24.00,Espresso
2024-03-05,09:59:53,card,ANON-0000-0000-0001,38.70,Latte
2024-03-05,14:34:56,card,ANON-0000-0000-0023,38.70,Latte
2024-03-05,17:34:06,card,ANON-0000-0000-0024,38.70,Latte
2024-03-05,17:35:25,card,ANON-0000-0000-0025,38.70,"Hot Chocolate"
2024-03-05,17:36:29,card,ANON-0000-0000-0026,38.70,Cocoa
2024-03-05,17:37:14,card,ANON-0000-0000-0027,38.70,"Hot Chocolate"
2024-03-05,17:38:09,card,ANON-0000-0000-0009,38.70,"Hot Chocolate"
2024-03-05,17:56:16,card,ANON-0000-0000-0028,28.90,Cortado
2024-03-05,18:01:31,card,ANON-0000-0000-0028,38.70,"Hot Chocolate"
2024-03-06,12:30:27,cash,,35.00,"Americano with Milk"
2024-03-06,13:24:08,card,ANON-0000-0000-0012,28.90,Americano
2024-03-06,13:25:14,card,ANON-0000-0000-0012,28.90,Cortado
2024-03-06,14:52:02,card,ANON-0000-0000-0029,38.70,Cappuccino
2024-03-06,14:53:18,card,ANON-0000-0000-0029,38.70,Cappuccino
2024-03-07,10:08:59,cash,,40.00,Latte
2024-03-07,10:18:41,card,ANON-0000-0000-0030,38.70,"Hot Chocolate"
2024-03-07,11:03:59,card,ANON-0000-0000-0031,38.70,Latte
2024-03-07,11:25:44,cash,,40.00,Latte
2024-03-07,15:40:23,card,ANON-0000-0000-0032,28.90,Americano
2024-03-07,15:41:29,card,ANON-0000-0000-0033,33.80,"Americano with Milk"
2024-03-08,10:34:41,card,ANON-0000-0000-0012,28.90,Cortado
2024-03-08,12:22:29,card,ANON-0000-0000-0034,38.70,Cappuccino
2024-03-08,13:53:02,card,ANON-0000-0000-0035,28.90,Americano
2024-03-08,14:44:13,card,ANON-0000-0000-0012,28.90,Americano
2024-03-08,14:45:11,card,ANON-0000-0000-0033,28.90,Americano
2024-03-08,14:46:11,card,ANON-0000-0000-0012,33.80,"Americano with Milk"
2024-03-08,18:57:51,card,ANON-0000-0000-0036,38.70,Latte
2024-03-08,18:59:25,card,ANON-0000-0000-0037,38.70,Latte
2024-03-09,11:49:37,cash,,40.00,"Hot Chocolate"
2024-03-09,12:05:16,card,ANON-0000-0000-0038,24.00,Espresso
2024-03-09,12:07:38,card,ANON-0000-0000-0039,28.90,Americano
2024-03-09,12:09:48,card,ANON-0000-0000-0012,38.70,Cappuccino
2024-03-09,12:13:04,card,ANON-0000-0000-0040,28.90,Americano
2024-03-09,12:14:26,card,ANON-0000-0000-0040,28.90,Americano
2024-03-09,13:09:22,card,ANON-0000-0000-0041,38.70,Latte
2024-03-09,13:41:06,card,ANON-0000-0000-0042,33.80,"Americano with Milk"
2024-03-09,13:53:10,card,ANON-0000-0000-0043,28.90,Cortado
2024-03-09,13:54:37,card,ANON-0000-0000-0043,38.70,Cappuccino
2024-03-09,14:08:02,card,ANON-0000-0000-0009,33.80,"Americano with Milk"
2024-03-09,14:26:53,card,ANON-0000-0000-0044,38.70,"Hot Chocolate"
2024-03-09,19:17:58,card,ANON-0000-0000-0009,38.70,Cappuccino
2024-03-09,19:19:10,card,ANON-0000-0000-0009,38.70,"Hot Chocolate"
2024-03-10,07:44:19,cash,,30.00,Americano
2024-03-10,07:45:29,cash,,35.00,"Americano with Milk"
2024-03-10,10:06:03,cash,,40.00,Latte
2024-03-10,11:19:21,card,ANON-0000-0000-0045,24.00,Espresso
2024-03-10,17:51:03,cash,,35.00,"Americano with Milk"
2024-03-10,19:34:00,card,ANON-0000-0000-0046,38.70,Latte
2024-03-10,19:35:55,card,ANON-0000-0000-0046,28.90,Cortado
2024-03-11,10:18:47,cash,,40.00,Latte
2024-03-11,11:24:15,cash,,40.00,Cappuccino
2024-03-11,11:24:52,cash,,30.00,Cortado
2024-03-11,11:26:44,cash,,30.00,Americano
2024-03-11,11:32:59,card,ANON-0000-0000-0035,38.70,Cappuccino
2024-03-11,16:24:26,card,ANON-0000-0000-0047,28.90,Americano
2024-03-11,16:25:46,card,ANON-0000-0000-0047,38.70,Latte
2024-03-11,16:50:50,card,ANON-0000-0000-0048,28.90,Cortado
2024-03-12,10:15:00,cash,,40.00,Latte
2024-03-12,10:15:35,card,ANON-0000-0000-0033,28.90,Americano
2024-03-12,10:16:25,card,ANON-0000-0000-0033,28.90,Cortado
2024-03-12,11:20:46,card,ANON-0000-0000-0049,38.70,"Hot Chocolate"
2024-03-12,12:46:23,card,ANON-0000-0000-0004,33.80,"Americano with Milk"
2024-03-12,12:47:26,card,ANON-0000-0000-0004,28.90,Americano
2024-03-12,16:15:43,card,ANON-0000-0000-0050,28.90,Americano
2024-03-13,11:06:43,card,ANON-0000-0000-0048,38.70,"Hot Chocolate"
2024-03-13,11:48:17,card,ANON-0000-0000-0004,28.90,Americano
2024-03-13,12:18:06,card,ANON-0000-0000-0051,28.90,Americano
2024-03-13,12:19:05,card,ANON-0000-0000-0051,28.90,Americano
2024-03-13,12:34:30,cash,,25.00,Espresso
2024-03-13,14:26:41,card,ANON-0000-0000-0052,33.80,"Americano with Milk"
2024-03-13,15:40:22,card,ANON-0000-0000-0053,24.00,Espresso
2024-03-13,15:41:20,card,ANON-0000-0000-0053,24.00,Espresso
2024-03-13,16:47:09,card,ANON-0000-0000-0054,24.00,Espresso
2024-03-14,10:02:12,cash,,40.00,Latte
2024-03-14,10:28:33,card,ANON-0000-0000-0055,38.70,Latte
2024-03-14,10:29:34,card,ANON-0000-0000-0055,38.70,"Hot Chocolate"
2024-03-14,13:27:30,card,ANON-0000-0000-0012,28.90,Cortado
2024-03-14,13:28:25,card,ANON-0000-0000-0012,28.90,Americano
2024-03-14,13:52:00,card,ANON-0000-0000-0056,33.80,"Americano with Milk"
2024-03-14,13:52:56,card,ANON-0000-0000-0057,24.00,Espresso
2024-03-14,15:20:38,card,ANON-0000-0000-0058,38.70,Latte
2024-03-14,16:04:10,card,ANON-0000-0000-0059,33.80,"Americano with Milk"
2024-03-14,16:54:38,card,ANON-0000-0000-0050,24.00,Espresso
2024-03-14,18:58:56,card,ANON-0000-0000-0019,38.70,"Hot Chocolate"
2024-03-14,19:00:09,card,ANON-0000-0000-0012,28.90,Cortado
2024-03-15,10:02:17,cash,,40.00,Latte
2024-03-15,10:53:02,card,ANON-0000-0000-0060,38.70,"Hot Chocolate"
2024-03-15,18:19:28,card,ANON-0000-0000-0012,28.90,Americano
2024-03-16,12:06:55,card,ANON-0000-0000-0061,33.80,"Americano with Milk"
2024-03-16,12:07:54,card,ANON-0000-0000-0061,28.90,Americano
2024-03-16,15:58:18,card,ANON-0000-0000-0009,28.90,Cortado
2024-03-16,16:03:22,card,ANON-0000-0000-0009,28.90,Cortado
2024-03-16,16:04:11,card,ANON-0000-0000-0012,28.90,Cortado
2024-03-16,17:58:07,card,ANON-0000-0000-0062,33.80,"Americano with Milk"
2024-03-17,10:10:21,cash,,40.00,Latte
2024-03-17,12:55:26,card,ANON-0000-0000-0063,28.90,Cortado
2024-03-18,11:18:00,card,ANON-0000-0000-0064,28.90,Cortado
2024-03-18,15:31:40,card,ANON-0000-0000-0003,28.90,Americano
2024-03-18,15:32:38,card,ANON-0000-0000-0003,28.90,Americano
2024-03-18,15:33:37,card,ANON-0000-0000-0003,28.90,Americano
2024-03-19,10:20:26,cash,,30.00,Cortado
2024-03-19,14:02:22,card,ANON-0000-0000-0065,38.70,Latte
2024-03-19,14:03:20,card,ANON-0000-0000-0065,38.70,Latte
2024-03-19,15:04:36,card,ANON-0000-0000-0049,38.70,"Hot Chocolate"
2024-03-19,16:53:49,card,ANON-0000-0000-0066,33.80,"Americano with Milk"
2024-03-19,19:26:33,cash,,40.00,"Hot Chocolate"
2024-03-20,11:41:16,card,ANON-0000-0000-0012,28.90,Cortado
2024-03-20,12:21:08,cash,,40.00,Latte
2024-03-20,12:30:49,card,ANON-0000-0000-0049,28.90,Cortado
2024-03-20,13:16:47,card,ANON-0000-0000-0067,38.70,Cappuccino
2024-03-20,16:42:38,card,ANON-0000-0000-0050,38.70,Cocoa
2024-03-20,17:50:29,card,ANON-0000-0000-0068,38.70,Latte
2024-03-21,10:18:57,cash,,40.00,Cappuccino
2024-03-21,12:25:09,card,ANON-0000-0000-0012,28.90,Cortado
2024-03-21,12:26:17,card,ANON-0000-0000-0012,38.70,Cappuccino
2024-03-21,17:21:01,cash,,30.00,Americano
2024-03-21,17:22:01,card,ANON-0000-0000-0012,28.90,Cortado
2024-03-21,19:20:37,card,ANON-0000-0000-0069,38.70,Latte
2024-03-22,10:35:54,card,ANON-0000-0000-0070,33.80,"Americano with Milk"
2024-03-22,13:29:20,card,ANON-0000-0000-0071,33.80,"Americano with Milk"
2024-03-22,16:15:14,cash,,40.00,Cappuccino
2024-03-22,17:17:04,card,ANON-0000-0000-0012,28.90,Americano
2024-03-22,17:17:59,card,ANON-0000-0000-0012,24.00,Espresso
2024-03-22,17:20:49,card,ANON-0000-0000-0050,28.90,Americano
2024-03-23,10:44:00,card,ANON-0000-0000-0072,38.70,Latte
2024-03-23,10:45:07,card,ANON-0000-0000-0073,33.80,"Americano with Milk"
2024-03-23,13:10:08,card,ANON-0000-0000-0074,38.70,Cappuccino
2024-03-23,13:11:12,card,ANON-0000-0000-0074,38.70,Cocoa
2024-03-23,14:44:41,card,ANON-0000-0000-0075,33.80,"Americano with Milk"
2024-03-23,15:47:19,card,ANON-0000-0000-0076,38.70,Latte
2024-03-23,15:49:34,card,ANON-0000-0000-0076,33.80,"Americano with Milk"
2024-03-23,16:00:58,card,ANON-0000-0000-0009,28.90,Cortado
2024-03-24,10:03:56,cash,,40.00,Latte
2024-03-24,18:45:08,card,ANON-0000-0000-0077,38.70,Latte
2024-03-25,10:31:47,card,ANON-0000-0000-0009,38.70,Latte
2024-03-25,11:16:26,cash,,35.00,"Americano with Milk"
2024-03-25,14:27:09,card,ANON-0000-0000-0078,38.70,Latte
2024-03-25,14:29:25,card,ANON-0000-0000-0017,38.70,Latte
2024-03-25,18:37:31,card,ANON-0000-0000-0024,33.80,"Americano with Milk"
2024-03-25,19:34:25,card,ANON-0000-0000-0079,38.70,Cappuccino
2024-03-26,10:35:50,card,ANON-0000-0000-0055,38.70,Cocoa
2024-03-26,10:36:36,card,ANON-0000-0000-0055,38.70,Latte
2024-03-26,10:42:30,card,ANON-0000-0000-0080,38.70,Latte
2024-03-26,11:11:47,card,ANON-0000-0000-0009,28.90,Cortado
2024-03-26,13:35:53,card,ANON-0000-0000-0003,28.90,Americano
2024-03-26,13:36:50,card,ANON-0000-0000-0032,28.90,Cortado
2024-03-26,13:38:00,card,ANON-0000-0000-0059,28.90,Cortado
2024-03-26,13:57:54,card,ANON-0000-0000-0050,28.90,Americano
2024-03-26,15:48:02,card,ANON-0000-0000-0081,38.70,Latte
2024-03-26,18:33:39,card,ANON-0000-0000-0024,38.70,Latte
2024-03-26,18:34:55,card,ANON-0000-0000-0009,38.70,"Hot Chocolate"
2024-03-27,11:04:51,card,ANON-0000-0000-0003,28.90,Cortado
2024-03-27,11:05:58,card,ANON-0000-0000-0003,33.80,"Americano with Milk"
2024-03-27,12:57:00,card,ANON-0000-0000-0082,33.80,"Americano with Milk"
2024-03-27,13:35:20,card,ANON-0000-0000-0083,38.70,"Hot Chocolate"
2024-03-27,14:22:32,card,ANON-0000-0000-0012,38.70,Cappuccino
2024-03-27,14:23:35,card,ANON-0000-0000-0012,28.90,Americano
2024-03-27,18:30:12,card,ANON-0000-0000-0084,28.90,Cortado
2024-03-27,19:31:12,cash,,40.00,Latte
2024-03-28,14:24:47,card,ANON-0000-0000-0085,28.90,Cortado
2024-03-28,17:24:46,card,ANON-0000-0000-0012,28.90,Cortado
2024-03-28,17:27:05,card,ANON-0000-0000-0012,28.90,Americano
2024-03-28,17:32:45,card,ANON-0000-0000-0086,38.70,Latte
2024-03-29,10:56:19,card,ANON-0000-0000-0087,38.70,Latte
2024-03-29,12:34:17,card,ANON-0000-0000-0088,38.70,Cappuccino
2024-03-29,12:41:32,card,ANON-0000-0000-0088,38.70,Cappuccino
2024-03-29,13:22:45,cash,,40.00,Cappuccino
2024-03-30,11:59:20,card,ANON-0000-0000-0069,38.70,Latte
2024-03-30,13:49:26,cash,,40.00,Cappuccino
2024-03-30,16:12:32,card,ANON-0000-0000-0017,38.70,Latte
2024-03-30,16:36:41,card,ANON-0000-0000-0009,38.70,Latte
2024-03-30,16:37:58,card,ANON-0000-0000-0009,33.80,"Americano with Milk"
2024-03-31,10:40:05,card,ANON-0000-0000-0089,38.70,Cappuccino
2024-03-31,19:36:45,cash,,30.00,Americano
2024-04-01,10:28:48,card,ANON-0000-0000-0004,28.90,Americano
2024-04-01,10:29:42,card,ANON-0000-0000-0004,33.80,"Americano with Milk"
2024-04-01,10:30:44,card,ANON-0000-0000-0004,33.80,"Americano with Milk"
2024-04-01,11:15:44,card,ANON-0000-0000-0009,33.80,"Americano with Milk"
2024-04-01,17:01:43,cash,,40.00,Cappuccino
2024-04-01,18:18:42,card,ANON-0000-0000-0024,33.80,"Americano with Milk"
2024-04-01,18:45:27,card,ANON-0000-0000-0090,38.70,"Hot Chocolate"
2024-04-02,10:01:14,card,ANON-0000-0000-0001,38.70,Latte
2024-04-02,16:18:34,card,ANON-0000-0000-0003,28.90,Americano
2024-04-02,16:19:28,card,ANON-0000-0000-0003,28.90,Cortado
2024-04-02,19:59:32,cash,,40.00,Cappuccino
2024-04-03,10:19:14,card,ANON-0000-0000-0003,28.90,Cortado
2024-04-03,10:20:08,card,ANON-0000-0000-0003,28.90,Americano
2024-04-03,13:12:05,card,ANON-0000-0000-0012,38.70,Cappuccino
2024-04-03,15:36:12,cash,,30.00,Cortado
2024-04-04,10:44:56,card,ANON-0000-0000-0091,38.70,Latte
2024-04-04,11:26:38,card,ANON-0000-0000-0092,38.70,Latte
2024-04-04,11:27:48,card,ANON-0000-0000-0093,38.70,Cappuccino
2024-04-04,12:23:02,card,ANON-0000-0000-0094,28.90,Cortado
2024-04-04,19:42:08,cash,,40.00,Latte
2024-04-05,10:40:43,card,ANON-0000-0000-0095,28.90,Americano
2024-04-05,10:42:06,card,ANON-0000-0000-0012,28.90,Americano
2024-04-05,11:06:15,card,ANON-0000-0000-0096,28.90,Cortado
2024-04-05,12:14:28,card,ANON-0000-0000-0097,33.80,"Americano with Milk"
2024-04-05,14:23:40,card,ANON-0000-0000-0098,38.70,Latte
2024-04-05,14:24:50,card,ANON-0000-0000-0098,28.90,Cortado
2024-04-05,15:30:50,cash,,40.00,Latte
2024-04-05,15:54:16,cash,,40.00,Cappuccino
2024-04-05,15:55:31,cash,,30.00,Americano
2024-04-05,16:17:44,cash,,40.00,Cocoa
2024-04-05,16:18:24,card,ANON-0000-0000-0003,24.00,Espresso
2024-04-06,12:32:31,card,ANON-0000-0000-0099,33.80,"Americano with Milk"
2024-04-06,14:13:19,card,ANON-0000-0000-0040,38.70,Cappuccino
2024-04-06,14:14:27,card,ANON-0000-0000-0040,28.90,Americano
2024-04-06,14:49:50,card,ANON-0000-0000-0009,38.70,Latte
2024-04-07,10:12:53,card,ANON-0000-0000-0091,38.70,Latte
2024-04-07,12:44:32,card,ANON-0000-0000-0040,38.70,Cappuccino
2024-04-07,12:46:05,card,ANON-0000-0000-0040,38.70,Cappuccino
2024-04-07,14:16:25,card,ANON-0000-0000-0100,28.90,Cortado
2024-04-07,14:17:31,card,ANON-0000-0000-0100,24.00,Espresso
2024-04-07,18:01:17,card,ANON-0000-0000-0101,38.70,"Hot Chocolate"
2024-04-07,18:02:04,card,ANON-0000-0000-0101,33.80,"Americano with Milk"
2024-04-08,10:58:21,card,ANON-0000-0000-0102,33.80,"Americano with Milk"
2024-04-08,10:59:28,card,ANON-0000-0000-0103,38.70,Cappuccino
2024-04-08,11:01:20,card,ANON-0000-0000-0012,28.90,Americano
2024-04-08,11:04:47,card,ANON-0000-0000-0104,38.70,Cappuccino
2024-04-08,12:54:26,cash,,25.00,Espresso
2024-04-08,15:43:37,cash,,35.00,"Americano with Milk"
2024-04-08,16:41:38,card,ANON-0000-0000-0017,38.70,Latte
2024-04-08,18:18:10,card,ANON-0000-0000-0105,28.90,Americano
2024-04-08,19:22:27,card,ANON-0000-0000-0024,33.80,"Americano with Milk"
2024-04-08,19:23:59,card,ANON-0000-0000-0106,38.70,Cappuccino
2024-04-09,10:22:27,cash,,40.00,Cappuccino
2024-04-09,10:24:10,cash,,30.00,Americano
2024-04-09,11:42:28,card,ANON-0000-0000-0091,38.70,Latte
2024-04-09,15:11:49,card,ANON-0000-0000-0107,38.70,"Hot Chocolate"
2024-04-09,17:25:24,card,ANON-0000-0000-0049,38.70,"Hot Chocolate"
2024-04-10,10:21:26,cash,,25.00,Espresso
2024-04-10,17:55:07,cash,,40.00,"Hot Chocolate"
2024-04-10,17:55:31,card,ANON-0000-0000-0108,24.00,Espresso
2024-04-10,18:24:59,card,ANON-0000-0000-0009,38.70,Cappuccino
2024-04-10,20:04:05,card,ANON-0000-0000-0109,38.70,Latte
2024-04-11,10:41:23,card,ANON-0000-0000-0110,28.90,Americano
2024-04-11,10:42:59,card,ANON-0000-0000-0110,28.90,Americano
2024-04-11,16:35:23,card,ANON-0000-0000-0017,38.70,Latte
2024-04-11,19:16:57,card,ANON-0000-0000-0106,38.70,Cappuccino
2024-04-11,19:18:37,card,ANON-0000-0000-0024,33.80,"Americano with Milk"
2024-04-12,19:03:43,card,ANON-0000-0000-0019,38.70,"Hot Chocolate"
2024-04-12,19:38:23,card,ANON-0000-0000-0009,28.90,Cortado
2024-04-13,12:29:20,card,ANON-0000-0000-0009,38.70,Latte
2024-04-13,12:43:02,card,ANON-0000-0000-0012,28.90,Americano
2024-04-13,15:06:52,cash,,40.00,"Hot Chocolate"
2024-04-13,15:07:56,cash,,40.00,"Hot Chocolate"
2024-04-13,16:18:04,card,ANON-0000-0000-0111,38.70,Cappuccino
2024-04-13,16:19:40,card,ANON-0000-0000-0111,38.70,Latte
2024-04-13,17:51:26,card,ANON-0000-0000-0112,38.70,Cappuccino
2024-04-13,17:53:19,card,ANON-0000-0000-0012,38.70,Cappuccino
2024-04-14,10:55:27,cash,,40.00,Latte
2024-04-14,12:24:39,card,ANON-0000-0000-0113,38.70,Cappuccino
2024-04-14,12:27:09,cash,,30.00,Cortado
2024-04-14,12:29:07,cash,,30.00,Cortado
2024-04-14,12:31:36,cash,,35.00,"Americano with Milk"
2024-04-14,13:21:50,card,ANON-0000-0000-0114,28.90,Cortado
2024-04-14,14:23:32,card,ANON-0000-0000-0012,28.90,Americano
2024-04-14,14:24:27,card,ANON-0000-0000-0012,28.90,Americano
2024-04-14,14:25:18,card,ANON-0000-0000-0012,28.90,Americano
2024-04-14,15:46:28,card,ANON-0000-0000-0017,38.70,Cappuccino
2024-04-14,16:59:55,card,ANON-0000-0000-0012,28.90,Cortado
2024-04-14,17:00:45,card,ANON-0000-0000-0019,38.70,Latte
2024-04-14,18:38:20,card,ANON-0000-0000-0115,38.70,Cappuccino
2024-04-15,11:45:25,card,ANON-0000-0000-0064,28.90,Americano
2024-04-15,17:01:46,card,ANON-0000-0000-0003,28.90,Americano
2024-04-15,17:02:50,card,ANON-0000-0000-0004,33.80,"Americano with Milk"
2024-04-15,19:33:03,card,ANON-0000-0000-0009,33.80,"Americano with Milk"
2024-04-15,19:41:58,cash,,25.00,Espresso
2024-04-16,10:43:50,cash,,35.00,"Americano with Milk"
2024-04-16,10:46:26,card,ANON-0000-0000-0116,33.80,"Americano with Milk"
2024-04-16,12:40:48,card,ANON-0000-0000-0117,38.70,Cocoa
2024-04-16,12:52:08,card,ANON-0000-0000-0064,28.90,Cortado
2024-04-16,15:03:17,card,ANON-0000-0000-0118,28.90,Americano
2024-04-16,17:42:04,card,ANON-0000-0000-0024,33.80,"Americano with Milk"
2024-04-16,17:43:23,card,ANON-0000-0000-0009,38.70,Cappuccino
2024-04-16,18:09:05,card,ANON-0000-0000-0050,38.70,Cocoa
2024-04-17,13:33:00,card,ANON-0000-0000-0012,28.90,Americano
2024-04-17,13:44:00,card,ANON-0000-0000-0119,24.00,Espresso
2024-04-17,16:13:24,cash,,40.00,Cappuccino
2024-04-17,17:01:35,card,ANON-0000-0000-0120,38.70,Cappuccino
2024-04-17,17:02:41,card,ANON-0000-0000-0120,38.70,Cappuccino
2024-04-17,18:14:03,card,ANON-0000-0000-0121,28.90,Cortado
2024-04-18,11:19:02,card,ANON-0000-0000-0003,28.90,Americano
2024-04-18,11:20:06,card,ANON-0000-0000-0003,28.90,Americano
2024-04-18,13:49:13,card,ANON-0000-0000-0122,33.80,"Americano with Milk"
2024-04-18,13:50:17,card,ANON-0000-0000-0122,28.90,Cortado
2024-04-18,14:34:20,card,ANON-0000-0000-0123,38.70,Cappuccino
2024-04-18,14:35:49,card,ANON-0000-0000-0123,38.70,Latte
2024-04-18,17:44:16,card,ANON-0000-0000-0069,38.70,Latte
2024-04-18,18:21:06,card,ANON-0000-0000-0085,38.70,Cappuccino
2024-04-18,19:39:51,card,ANON-0000-0000-0024,38.70,"Hot Chocolate"
2024-04-18,19:40:49,card,ANON-0000-0000-0009,38.70,"Hot Chocolate"
2024-04-19,10:10:36,card,ANON-0000-0000-0001,38.70,Latte
2024-04-19,13:11:48,card,ANON-0000-0000-0040,33.80,"Americano with Milk"
2024-04-19,13:13:21,card,ANON-0000-0000-0040,38.70,Cappuccino
2024-04-19,13:58:54,card,ANON-0000-0000-0124,38.70,"Hot Chocolate"
2024-04-19,13:59:50,card,ANON-0000-0000-0124,38.70,Cappuccino
2024-04-19,18:23:19,card,ANON-0000-0000-0024,38.70,Cocoa
2024-04-19,18:25:33,card,ANON-0000-0000-0009,33.80,"Americano with Milk"
2024-04-20,11:24:43,cash,,35.00,"Americano with Milk"
2024-04-20,12:08:36,card,ANON-0000-0000-0125,33.80,"Americano with Milk"
2024-04-20,12:09:43,card,ANON-0000-0000-0125,33.80,"Americano with Milk"
2024-04-20,13:08:37,card,ANON-0000-0000-0118,28.90,Americano
2024-04-20,13:09:48,card,ANON-0000-0000-0118,33.80,"Americano with Milk"
2024-04-20,13:10:55,card,ANON-0000-0000-0118,38.70,"Hot Chocolate"
2024-04-20,14:44:18,card,ANON-0000-0000-0040,38.70,Cappuccino
2024-04-20,15:11:00,card,ANON-0000-0000-0009,33.80,"Americano with Milk"
2024-04-20,15:22:41,card,ANON-0000-0000-0012,32.82,"Americano with Milk"
2024-04-20,15:49:25,card,ANON-0000-0000-0126,32.82,"Americano with Milk"
2024-04-20,17:07:58,cash,,39.00,Cocoa
2024-04-20,18:27:41,card,ANON-0000-0000-0127,37.72,Cappuccino
2024-04-20,18:28:47,card,ANON-0000-0000-0127,37.72,Cappuccino
2024-04-20,19:30:55,card,ANON-0000-0000-0128,37.72,Latte
2024-04-21,11:16:46,card,ANON-0000-0000-0001,37.72,Latte
2024-04-21,14:15:38,card,ANON-0000-0000-0099,27.92,Americano
2024-04-21,17:09:03,cash,,39.00,Cappuccino
2024-04-22,11:09:16,card,ANON-0000-0000-0012,27.92,Americano
2024-04-22,11:29:27,card,ANON-0000-0000-0129,32.82,"Americano with Milk"
2024-04-22,18:40:33,cash,,39.00,Latte
2024-04-22,19:39:05,card,ANON-0000-0000-0009,37.72,Latte
2024-04-22,20:02:29,cash,,39.00,Cappuccino
2024-04-23,14:22:36,card,ANON-0000-0000-0025,37.72,Cappuccino
2024-04-23,14:23:53,card,ANON-0000-0000-0024,32.82,"Americano with Milk"
2024-04-23,14:24:58,card,ANON-0000-0000-0009,37.72,Cappuccino
2024-04-23,19:42:28,card,ANON-0000-0000-0130,32.82,"Americano with Milk"
2024-04-23,19:43:26,card,ANON-0000-0000-0130,32.82,"Americano with Milk"
2024-04-24,10:19:38,card,ANON-0000-0000-0001,37.72,Latte
2024-04-24,10:21:27,card,ANON-0000-0000-0131,32.82,"Americano with Milk"
2024-04-24,11:23:46,card,ANON-0000-0000-0132,32.82,"Americano with Milk"
2024-04-24,11:33:26,card,ANON-0000-0000-0133,32.82,"Americano with Milk"
2024-04-24,12:39:09,card,ANON-0000-0000-0059,32.82,"Americano with Milk"
2024-04-24,16:39:07,card,ANON-0000-0000-0009,32.82,"Americano with Milk"
2024-04-24,19:39:50,card,ANON-0000-0000-0134,32.82,"Americano with Milk"
2024-04-24,19:40:54,card,ANON-0000-0000-0134,37.72,Cappuccino
2024-04-25,10:46:08,card,ANON-0000-0000-0135,27.92,Americano
2024-04-25,15:18:27,card,ANON-0000-0000-0009,37.72,Latte
2024-04-25,17:09:44,card,ANON-0000-0000-0012,27.92,Americano
2024-04-25,17:10:49,card,ANON-0000-0000-0012,27.92,Americano
2024-04-26,10:12:51,card,ANON-0000-0000-0001,37.72,Latte
2024-04-26,12:01:31,card,ANON-0000-0000-0136,37.72,Latte
2024-04-26,13:31:28,card,ANON-0000-0000-0137,37.72,Cappuccino
2024-04-26,15:32:35,card,ANON-0000-0000-0012,27.92,Americano
2024-04-26,15:33:33,card,ANON-0000-0000-0012,27.92,Americano
2024-04-26,16:23:27,card,ANON-0000-0000-0138,27.92,Cortado
2024-04-26,16:24:34,card,ANON-0000-0000-0139,27.92,Americano
2024-04-26,19:32:07,card,ANON-0000-0000-0009,37.72,"Hot Chocolate"
2024-04-26,19:33:30,card,ANON-0000-0000-0009,37.72,Cocoa
2024-04-27,15:27:01,card,ANON-0000-0000-0009,37.72,Cappuccino
2024-04-28,10:32:52,card,ANON-0000-0000-0001,37.72,Latte
2024-04-28,12:30:10,card,ANON-0000-0000-0140,37.72,Cappuccino
2024-04-28,18:27:08,card,ANON-0000-0000-0012,27.92,Americano
2024-04-28,18:28:11,card,ANON-0000-0000-0012,27.92,Americano
2024-04-28,18:29:02,card,ANON-0000-0000-0019,37.72,Latte
2024-04-29,11:26:32,card,ANON-0000-0000-0141,27.92,Cortado
2024-04-29,13:27:57,card,ANON-0000-0000-0003,27.92,Americano
2024-04-29,13:28:54,card,ANON-0000-0000-0003,27.92,Cortado
2024-04-29,13:53:36,card,ANON-0000-0000-0141,27.92,Cortado
2024-04-29,13:54:24,card,ANON-0000-0000-0141,32.82,"Americano with Milk"
2024-04-29,18:37:48,card,ANON-0000-0000-0140,37.72,Cappuccino
2024-04-29,19:12:33,card,ANON-0000-0000-0134,37.72,Cappuccino
2024-04-29,19:13:38,card,ANON-0000-0000-0134,37.72,Cappuccino
2024-04-30,10:16:41,card,ANON-0000-0000-0142,37.72,Latte
2024-04-30,10:34:52,card,ANON-0000-0000-0142,32.82,"Americano with Milk"
2024-04-30,10:35:48,card,ANON-0000-0000-0142,32.82,"Americano with Milk"
2024-04-30,13:41:52,card,ANON-0000-0000-0142,27.92,Americano
2024-04-30,13:43:00,card,ANON-0000-0000-0142,32.82,"Americano with Milk"
2024-04-30,19:19:18,card,ANON-0000-0000-0142,37.72,Cappuccino
2024-04-30,19:30:04,card,ANON-0000-0000-0142,32.82,"Americano with Milk"
2024-04-30,19:31:21,card,ANON-0000-0000-0142,37.72,Latte
2024-05-02,10:33:56,card,ANON-0000-0000-0143,27.92,Americano
2024-05-02,11:29:57,cash,,39.00,Latte
2024-05-02,13:49:40,card,ANON-0000-0000-0133,32.82,"Americano with Milk"
2024-05-02,18:36:22,card,ANON-0000-0000-0144,37.72,Cappuccino
2024-05-02,18:41:11,card,ANON-0000-0000-0024,32.82,"Americano with Milk"
2024-05-02,19:18:33,card,ANON-0000-0000-0145,37.72,Latte
2024-05-02,19:19:56,card,ANON-0000-0000-0145,37.72,Cappuccino
2024-05-03,10:11:53,cash,,39.00,Latte
2024-05-03,14:30:01,card,ANON-0000-0000-0146,37.72,Latte
2024-05-03,17:03:25,card,ANON-0000-0000-0147,37.72,Latte
2024-05-06,10:05:18,card,ANON-0000-0000-0148,27.92,Americano
2024-05-06,10:06:52,card,ANON-0000-0000-0149,37.72,Cappuccino
2024-05-06,10:08:06,card,ANON-0000-0000-0149,32.82,"Americano with Milk"
2024-05-06,10:09:08,card,ANON-0000-0000-0150,27.92,Americano
2024-05-06,10:39:13,card,ANON-0000-0000-0141,27.92,Cortado
2024-05-06,11:34:21,cash,,29.00,Americano
2024-05-06,13:18:11,card,ANON-0000-0000-0148,27.92,Cortado
2024-05-06,13:19:01,card,ANON-0000-0000-0148,27.92,Americano
2024-05-06,19:18:13,card,ANON-0000-0000-0151,37.72,Cappuccino
2024-05-06,19:19:50,card,ANON-0000-0000-0151,37.72,Cappuccino
2024-05-07,10:44:56,card,ANON-0000-0000-0148,37.72,Cocoa
2024-05-07,11:21:58,card,ANON-0000-0000-0141,27.92,Cortado
2024-05-07,13:23:35,card,ANON-0000-0000-0077,27.92,Cortado
2024-05-07,16:42:08,card,ANON-0000-0000-0148,37.72,Cocoa
2024-05-07,16:55:39,card,ANON-0000-0000-0152,27.92,Americano
2024-05-07,17:37:46,card,ANON-0000-0000-0153,37.72,Cappuccino
2024-05-07,17:38:48,card,ANON-0000-0000-0153,37.72,Latte
2024-05-07,18:35:37,cash,,34.00,"Americano with Milk"
2024-05-07,19:12:13,card,ANON-0000-0000-0154,37.72,Cappuccino
2024-05-07,19:13:12,card,ANON-0000-0000-0154,37.72,Cappuccino
2024-05-08,10:07:29,card,ANON-0000-0000-0001,37.72,Latte
2024-05-09,12:54:22,card,ANON-0000-0000-0155,37.72,Cappuccino
2024-05-09,13:03:59,card,ANON-0000-0000-0156,27.92,Americano
2024-05-09,13:04:58,card,ANON-0000-0000-0156,37.72,Latte
2024-05-09,13:06:11,card,ANON-0000-0000-0156,37.72,Latte
2024-05-09,13:07:16,card,ANON-0000-0000-0156,37.72,Latte
2024-05-09,16:55:15,card,ANON-0000-0000-0118,27.92,Americano
2024-05-09,16:56:15,card,ANON-0000-0000-0118,27.92,Americano
2024-05-09,18:01:30,card,ANON-0000-0000-0157,27.92,Americano
2024-05-09,18:13:56,card,ANON-0000-0000-0143,32.82,"Americano with Milk"
2024-05-10,10:09:22,cash,,39.00,Latte
2024-05-10,15:46:22,card,ANON-0000-0000-0158,37.72,Latte
2024-05-10,15:47:33,card,ANON-0000-0000-0158,37.72,Latte
2024-05-10,16:20:15,cash,,34.00,"Americano with Milk"
2024-05-11,11:39:53,card,ANON-0000-0000-0069,37.72,Latte
2024-05-11,17:02:44,cash,,39.00,Latte
2024-05-11,17:20:30,card,ANON-0000-0000-0009,32.82,"Americano with Milk"
2024-05-11,17:21:56,card,ANON-0000-0000-0026,37.72,Cocoa
2024-05-11,17:23:57,card,ANON-0000-0000-0040,37.72,Cappuccino
2024-05-11,17:28:54,card,ANON-0000-0000-0012,32.82,"Americano with Milk"
2024-05-11,18:35:40,card,ANON-0000-0000-0115,37.72,Cappuccino
2024-05-11,19:38:16,card,ANON-0000-0000-0159,37.72,Latte
2024-05-12,10:20:43,card,ANON-0000-0000-0001,37.72,Latte
2024-05-12,13:24:03,card,ANON-0000-0000-0160,37.72,Latte
2024-05-12,13:27:39,card,ANON-0000-0000-0161,27.92,Americano
2024-05-12,15:16:20,card,ANON-0000-0000-0077,37.72,Latte
2024-05-12,15:38:02,card,ANON-0000-0000-0162,32.82,"Americano with Milk"
2024-05-12,15:52:15,card,ANON-0000-0000-0163,32.82,"Americano with Milk"
2024-05-12,16:04:21,card,ANON-0000-0000-0012,32.82,"Americano with Milk"
2024-05-12,19:41:31,card,ANON-0000-0000-0009,32.82,"Americano with Milk"
2024-05-13,11:03:53,card,ANON-0000-0000-0164,32.82,"Americano with Milk"
2024-05-13,15:31:11,cash,,29.00,Americano
2024-05-13,15:31:51,cash,,29.00,Americano
2024-05-14,08:38:15,card,ANON-0000-0000-0012,27.92,Americano
2024-05-14,08:39:25,card,ANON-0000-0000-0012,27.92,Americano
2024-05-14,08:40:17,card,ANON-0000-0000-0012,27.92,Americano
2024-05-14,10:19:23,card,ANON-0000-0000-0012,37.72,Cappuccino
2024-05-14,11:32:29,card,ANON-0000-0000-0165,37.72,Latte
2024-05-14,11:34:13,card,ANON-0000-0000-0165,37.72,Cappuccino
2024-05-14,14:04:55,card,ANON-0000-0000-0025,37.72,Cappuccino
2024-05-14,14:06:00,card,ANON-0000-0000-0009,32.82,"Americano with Milk"
2024-05-14,15:01:55,card,ANON-0000-0000-0040,27.92,Americano
2024-05-14,16:57:57,card,ANON-0000-0000-0166,32.82,"Americano with Milk"
2024-05-14,16:59:10,card,ANON-0000-0000-0166,37.72,Cappuccino
2024-05-14,22:51:25,card,ANON-0000-0000-0167,37.72,"Hot Chocolate"
2024-05-15,08:40:06,card,ANON-0000-0000-0168,37.72,Latte
2024-05-15,11:14:19,card,ANON-0000-0000-0012,23.02,Espresso
2024-05-15,11:19:10,card,ANON-0000-0000-0012,27.92,Americano
2024-05-15,13:34:35,card,ANON-0000-0000-0003,27.92,Americano
2024-05-15,13:35:29,card,ANON-0000-0000-0003,27.92,Americano
2024-05-15,13:36:27,card,ANON-0000-0000-0003,27.92,Americano
2024-05-15,13:55:29,card,ANON-0000-0000-0164,32.82,"Americano with Milk"
2024-05-15,14:38:11,cash,,29.00,Americano
2024-05-15,14:38:52,card,ANON-0000-0000-0169,27.92,Cortado
2024-05-15,14:39:44,card,ANON-0000-0000-0012,27.92,Cortado
2024-05-15,17:28:59,card,ANON-0000-0000-0170,23.02,Espresso
2024-05-15,20:20:35,card,ANON-0000-0000-0171,37.72,Cappuccino
2024-05-16,10:38:42,card,ANON-0000-0000-0097,32.82,"Americano with Milk"
2024-05-16,10:39:49,card,ANON-0000-0000-0172,32.82,"Americano with Milk"
2024-05-16,11:42:50,cash,,39.00,Latte
2024-05-16,11:44:21,cash,,39.00,Cappuccino
2024-05-16,12:14:00,card,ANON-0000-0000-0173,32.82,"Americano with Milk"
2024-05-16,15:15:16,card,ANON-0000-0000-0174,37.72,"Hot Chocolate"
2024-05-16,17:44:32,card,ANON-0000-0000-0069,37.72,Latte
2024-05-16,18:12:57,card,ANON-0000-0000-0175,37.72,"Hot Chocolate"
2024-05-16,18:13:58,card,ANON-0000-0000-0175,37.72,Latte
2024-05-17,09:00:48,card,ANON-0000-0000-0033,27.92,Americano
2024-05-17,11:30:28,card,ANON-0000-0000-0164,32.82,"Americano with Milk"
2024-05-17,14:58:03,cash,,34.00,"Americano with Milk"
2024-05-17,19:55:19,card,ANON-0000-0000-0012,32.82,"Americano with Milk"
2024-05-17,19:56:47,card,ANON-0000-0000-0009,37.72,Cappuccino
2024-05-17,20:37:53,card,ANON-0000-0000-0176,37.72,Cappuccino
2024-05-17,22:34:51,card,ANON-0000-0000-0177,27.92,Americano
2024-05-17,22:36:33,card,ANON-0000-0000-0178,37.72,Latte
2024-05-17,22:37:43,card,ANON-0000-0000-0179,37.72,Latte
2024-05-18,08:01:38,card,ANON-0000-0000-0180,37.72,Cappuccino
2024-05-18,08:02:40,card,ANON-0000-0000-0180,37.72,Cappuccino
2024-05-18,11:15:56,card,ANON-0000-0000-0181,32.82,"Americano with Milk"
2024-05-18,16:48:29,card,ANON-0000-0000-0172,32.82,"Americano with Milk"
2024-05-18,16:49:27,card,ANON-0000-0000-0097,32.82,"Americano with Milk"
2024-05-18,19:58:44,card,ANON-0000-0000-0040,32.82,"Americano with Milk"
2024-05-18,20:22:53,card,ANON-0000-0000-0009,37.72,Latte
2024-05-18,22:05:27,cash,,39.00,Cappuccino
2024-05-19,07:58:38,card,ANON-0000-0000-0182,27.92,Americano
2024-05-19,07:59:34,card,ANON-0000-0000-0182,27.92,Americano
2024-05-19,08:00:35,card,ANON-0000-0000-0183,37.72,Cappuccino
2024-05-19,09:28:50,cash,,24.00,Espresso
2024-05-19,12:14:27,card,ANON-0000-0000-0184,32.82,"Americano with Milk"
2024-05-19,14:43:40,card,ANON-0000-0000-0012,27.92,Americano
2024-05-19,15:58:58,card,ANON-0000-0000-0185,32.82,"Americano with Milk"
2024-05-19,18:12:36,card,ANON-0000-0000-0186,32.82,"Americano with Milk"
2024-05-19,18:13:48,card,ANON-0000-0000-0186,23.02,Espresso
2024-05-19,18:16:30,card,ANON-0000-0000-0186,37.72,"Hot Chocolate"
2024-05-19,19:51:07,card,ANON-0000-0000-0187,37.72,Cappuccino
2024-05-19,21:15:42,card,ANON-0000-0000-0188,37.72,Cappuccino
2024-05-19,21:18:36,card,ANON-0000-0000-0189,37.72,Cappuccino
2024-05-20,10:05:59,card,ANON-0000-0000-0190,32.82,"Americano with Milk"
2024-05-20,10:17:52,card,ANON-0000-0000-0191,37.72,Latte
2024-05-20,10:58:48,card,ANON-0000-0000-0001,37.72,Latte
2024-05-20,11:15:16,card,ANON-0000-0000-0143,27.92,Americano
2024-05-20,11:16:20,card,ANON-0000-0000-0143,27.92,Americano
2024-05-20,13:27:13,card,ANON-0000-0000-0003,27.92,Americano
2024-05-20,13:28:10,card,ANON-0000-0000-0003,27.92,Americano
2024-05-20,14:13:19,card,ANON-0000-0000-0192,32.82,"Americano with Milk"
2024-05-20,14:14:31,card,ANON-0000-0000-0192,37.72,Cappuccino
2024-05-20,14:32:21,cash,,29.00,Americano
2024-05-20,17:12:51,card,ANON-0000-0000-0120,37.72,Latte
2024-05-20,17:13:57,card,ANON-0000-0000-0193,37.72,Latte
2024-05-20,20:36:48,card,ANON-0000-0000-0194,32.82,"Americano with Milk"
2024-05-20,20:37:57,card,ANON-0000-0000-0194,37.72,Cocoa
2024-05-20,20:46:52,card,ANON-0000-0000-0195,27.92,Cortado
2024-05-20,21:36:54,card,ANON-0000-0000-0012,32.82,"Americano with Milk"
2024-05-20,21:37:58,card,ANON-0000-0000-0012,32.82,"Americano with Milk"
2024-05-21,08:27:38,card,ANON-0000-0000-0196,37.72,Latte
2024-05-21,09:43:51,cash,,29.00,Americano
2024-05-21,09:44:40,cash,,34.00,"Americano with Milk"
2024-05-21,09:46:09,cash,,39.00,Cocoa
2024-05-21,10:05:08,cash,,39.00,Latte
2024-05-21,16:10:20,card,ANON-0000-0000-0197,37.72,Latte
2024-05-21,18:13:24,card,ANON-0000-0000-0012,23.02,Espresso
2024-05-21,19:11:09,card,ANON-0000-0000-0198,37.72,Cappuccino
2024-05-21,20:13:48,card,ANON-0000-0000-0199,37.72,Cappuccino
2024-05-22,09:34:42,card,ANON-0000-0000-0200,37.72,Cappuccino
2024-05-22,10:49:47,card,ANON-0000-0000-0191,32.82,"Americano with Milk"
2024-05-22,11:18:14,card,ANON-0000-0000-0141,27.92,Cortado
2024-05-22,11:34:55,card,ANON-0000-0000-0097,32.82,"Americano with Milk"
2024-05-22,12:29:51,card,ANON-0000-0000-0012,27.92,Americano
2024-05-22,12:30:43,card,ANON-0000-0000-0012,27.92,Americano
2024-05-22,14:00:20,card,ANON-0000-0000-0009,32.82,"Americano with Milk"
2024-05-22,19:24:58,card,ANON-0000-0000-0134,37.72,Cappuccino
2024-05-22,19:25:59,card,ANON-0000-0000-0134,37.72,Cappuccino
2024-05-22,21:23:53,card,ANON-0000-0000-0180,37.72,"Hot Chocolate"
2024-05-22,21:24:50,card,ANON-0000-0000-0180,37.72,Cappuccino
2024-05-23,10:10:20,card,ANON-0000-0000-0201,37.72,Cappuccino
2024-05-23,12:22:07,card,ANON-0000-0000-0202,23.02,Espresso
2024-05-23,15:55:17,card,ANON-0000-0000-0180,37.72,Cappuccino
2024-05-23,15:56:27,card,ANON-0000-0000-0203,37.72,Cappuccino
2024-05-23,16:18:14,card,ANON-0000-0000-0180,37.72,Cappuccino
2024-05-23,16:41:00,card,ANON-0000-0000-0077,37.72,Latte
2024-05-23,17:14:33,card,ANON-0000-0000-0153,37.72,Cappuccino
2024-05-23,17:15:45,card,ANON-0000-0000-0153,37.72,Latte
2024-05-23,19:03:54,card,ANON-0000-0000-0204,27.92,Cortado
2024-05-23,19:17:28,card,ANON-0000-0000-0134,37.72,Cappuccino
2024-05-23,19:18:26,card,ANON-0000-0000-0205,37.72,Cappuccino
2024-05-23,19:42:32,card,ANON-0000-0000-0206,37.72,Cappuccino
2024-05-23,20:15:01,card,ANON-0000-0000-0207,37.72,Cappuccino
2024-05-23,20:16:24,card,ANON-0000-0000-0207,37.72,Latte
2024-05-23,22:48:11,card,ANON-0000-0000-0208,32.82,"Americano with Milk"
2024-05-23,22:55:37,cash,,39.00,"Hot Chocolate"
2024-05-24,11:11:59,card,ANON-0000-0000-0141,27.92,Cortado
2024-05-24,11:15:08,card,ANON-0000-0000-0012,27.92,Americano
2024-05-24,11:16:13,card,ANON-0000-0000-0012,27.92,Americano
2024-05-24,16:07:20,card,ANON-0000-0000-0081,37.72,"Hot Chocolate"
2024-05-24,18:17:40,card,ANON-0000-0000-0209,27.92,Cortado
2024-05-24,18:18:37,card,ANON-0000-0000-0209,27.92,Cortado
2024-05-24,22:30:40,card,ANON-0000-0000-0210,32.82,"Americano with Milk"
2024-05-25,07:40:59,cash,,29.00,Americano
2024-05-25,12:13:53,card,ANON-0000-0000-0211,37.72,Latte
2024-05-25,12:40:24,cash,,29.00,Americano
2024-05-25,12:42:10,card,ANON-0000-0000-0212,32.82,"Americano with Milk"
2024-05-25,12:43:13,card,ANON-0000-0000-0212,32.82,"Americano with Milk"
2024-05-25,12:58:12,card,ANON-0000-0000-0213,32.82,"Americano with Milk"
2024-05-25,16:47:10,card,ANON-0000-0000-0040,32.82,"Americano with Milk"
2024-05-25,16:48:17,card,ANON-0000-0000-0040,27.92,Americano
2024-05-26,10:20:02,card,ANON-0000-0000-0001,37.72,Latte
2024-05-26,14:24:50,card,ANON-0000-0000-0214,32.82,"Americano with Milk"
2024-05-26,14:26:05,card,ANON-0000-0000-0215,27.92,Cortado
2024-05-26,14:40:59,card,ANON-0000-0000-0216,32.82,"Americano with Milk"
2024-05-26,17:19:16,card,ANON-0000-0000-0217,37.72,Cappuccino
2024-05-26,18:09:53,card,ANON-0000-0000-0218,37.72,"Hot Chocolate"
2024-05-26,18:11:02,card,ANON-0000-0000-0218,37.72,"Hot Chocolate"
2024-05-26,18:13:14,card,ANON-0000-0000-0218,27.92,Americano
2024-05-26,18:39:19,card,ANON-0000-0000-0219,37.72,Latte
2024-05-26,20:59:15,card,ANON-0000-0000-0220,37.72,"Hot Chocolate"
2024-05-26,21:00:06,card,ANON-0000-0000-0220,37.72,Cappuccino
2024-05-26,21:02:37,card,ANON-0000-0000-0221,27.92,Cortado
2024-05-26,21:03:52,card,ANON-0000-0000-0222,37.72,Cappuccino
2024-05-26,21:04:59,card,ANON-0000-0000-0221,37.72,Latte
2024-05-26,21:06:03,card,ANON-0000-0000-0223,37.72,Cappuccino
2024-05-27,11:34:55,card,ANON-0000-0000-0012,27.92,Americano
2024-05-27,14:05:22,card,ANON-0000-0000-0224,32.82,"Americano with Milk"
2024-05-27,14:06:44,card,ANON-0000-0000-0224,37.72,Cocoa
2024-05-27,15:11:34,card,ANON-0000-0000-0225,27.92,Americano
2024-05-27,15:14:06,card,ANON-0000-0000-0225,27.92,Americano
2024-05-27,17:50:56,card,ANON-0000-0000-0203,37.72,Latte
2024-05-27,18:00:51,card,ANON-0000-0000-0226,27.92,Americano
2024-05-27,19:16:27,card,ANON-0000-0000-0227,37.72,Latte
2024-05-27,19:17:39,card,ANON-0000-0000-0228,37.72,Latte
2024-05-27,21:29:07,card,ANON-0000-0000-0192,32.82,"Americano with Milk"
2024-05-27,21:30:20,card,ANON-0000-0000-0206,37.72,Cappuccino
2024-05-28,08:37:09,card,ANON-0000-0000-0012,32.82,"Americano with Milk"
2024-05-28,09:20:11,card,ANON-0000-0000-0097,32.82,"Americano with Milk"
2024-05-28,11:48:18,card,ANON-0000-0000-0229,37.72,Cappuccino
2024-05-28,13:14:40,card,ANON-0000-0000-0230,37.72,Cappuccino
2024-05-28,14:10:54,card,ANON-0000-0000-0194,37.72,Cocoa
2024-05-28,16:25:39,card,ANON-0000-0000-0141,27.92,Cortado
2024-05-28,17:21:44,cash,,39.00,Cappuccino
2024-05-28,19:09:29,card,ANON-0000-0000-0231,27.92,Americano
2024-05-28,19:10:31,card,ANON-0000-0000-0231,37.72,Latte
2024-05-28,20:24:32,card,ANON-0000-0000-0009,32.82,"Americano with Milk"
2024-05-28,20:50:19,card,ANON-0000-0000-0012,27.92,Americano
2024-05-29,09:14:44,card,ANON-0000-0000-0232,37.72,Latte
2024-05-29,10:48:47,cash,,39.00,Latte
2024-05-29,11:14:03,card,ANON-0000-0000-0233,37.72,"Hot Chocolate"
2024-05-29,15:10:49,card,ANON-0000-0000-0234,27.92,Americano
2024-05-29,15:22:56,card,ANON-0000-0000-0235,37.72,Latte
2024-05-29,15:45:13,card,ANON-0000-0000-0236,37.72,Cappuccino
2024-05-29,16:45:04,card,ANON-0000-0000-0237,37.72,Latte
2024-05-29,18:24:03,card,ANON-0000-0000-0238,27.92,Cortado
2024-05-29,18:24:59,card,ANON-0000-0000-0238,37.72,Latte
2024-05-29,20:30:42,card,ANON-0000-0000-0239,37.72,"Hot Chocolate"
2024-05-29,20:32:35,card,ANON-0000-0000-0240,37.72,Cocoa
2024-05-30,08:29:06,card,ANON-0000-0000-0241,37.72,Cappuccino
2024-05-30,08:30:22,card,ANON-0000-0000-0241,37.72,Latte
2024-05-30,08:37:05,card,ANON-0000-0000-0242,32.82,"Americano with Milk"
2024-05-30,09:47:59,card,ANON-0000-0000-0001,37.72,Latte
2024-05-30,14:56:15,card,ANON-0000-0000-0097,32.82,"Americano with Milk"
2024-05-30,15:16:16,card,ANON-0000-0000-0243,23.02,Espresso
2024-05-30,15:17:39,card,ANON-0000-0000-0012,23.02,Espresso
2024-05-30,19:53:11,card,ANON-0000-0000-0206,37.72,Cappuccino
2024-05-30,20:31:05,card,ANON-0000-0000-0244,37.72,Latte
2024-05-30,20:46:14,card,ANON-0000-0000-0009,37.72,"Hot Chocolate"
2024-05-30,20:47:22,card,ANON-0000-0000-0009,32.82,"Americano with Milk"
2024-05-31,07:53:57,card,ANON-0000-0000-0245,32.82,"Americano with Milk"
2024-05-31,09:21:08,card,ANON-0000-0000-0246,37.72,Latte
2024-05-31,09:23:59,cash,,39.00,Latte
2024-05-31,10:38:08,card,ANON-0000-0000-0247,37.72,"Hot Chocolate"
2024-05-31,10:39:06,card,ANON-0000-0000-0248,37.72,Cocoa
2024-05-31,14:50:13,card,ANON-0000-0000-0249,32.82,"Americano with Milk"
2024-05-31,18:23:45,card,ANON-0000-0000-0250,37.72,Latte
2024-05-31,18:25:03,card,ANON-0000-0000-0250,37.72,Latte
2024-05-31,20:06:39,card,ANON-0000-0000-0180,37.72,Cappuccino
2024-05-31,20:33:06,card,ANON-0000-0000-0134,32.82,"Americano with Milk"
2024-05-31,20:34:33,card,ANON-0000-0000-0134,37.72,Latte
2024-05-31,22:05:47,card,ANON-0000-0000-0206,37.72,Cappuccino
2024-05-31,22:06:52,card,ANON-0000-0000-0206,32.82,"Americano with Milk"
2024-05-31,22:07:55,card,ANON-0000-0000-0206,27.92,Cortado
2024-06-01,08:27:02,card,ANON-0000-0000-0141,27.92,Cortado
2024-06-01,09:48:25,card,ANON-0000-0000-0232,37.72,Latte
2024-06-01,11:38:09,card,ANON-0000-0000-0250,37.72,Latte
2024-06-01,14:28:54,card,ANON-0000-0000-0097,32.82,"Americano with Milk"
2024-06-01,18:20:13,card,ANON-0000-0000-0251,32.82,"Americano with Milk"
2024-06-01,18:21:15,card,ANON-0000-0000-0251,32.82,"Americano with Milk"
2024-06-01,20:50:10,card,ANON-0000-0000-0154,37.72,Cappuccino
2024-06-01,20:51:14,card,ANON-0000-0000-0154,37.72,Cappuccino
2024-06-01,20:54:59,cash,,39.00,Cocoa
2024-06-01,20:59:10,card,ANON-0000-0000-0252,37.72,Cocoa
2024-06-01,21:51:05,card,ANON-0000-0000-0009,32.82,"Americano with Milk"
2024-06-02,20:03:26,card,ANON-0000-0000-0009,37.72,Latte
2024-06-02,20:24:02,card,ANON-0000-0000-0040,32.82,"Americano with Milk"
2024-06-02,20:25:07,card,ANON-0000-0000-0040,37.72,Cappuccino
2024-06-02,21:07:21,card,ANON-0000-0000-0097,32.82,"Americano with Milk"
2024-06-02,21:30:12,card,ANON-0000-0000-0253,37.72,Latte
2024-06-02,22:43:11,cash,,34.00,"Americano with Milk"
2024-06-03,10:12:04,card,ANON-0000-0000-0001,37.72,Latte
2024-06-03,10:27:50,card,ANON-0000-0000-0191,37.72,Latte
2024-06-03,14:31:42,card,ANON-0000-0000-0025,37.72,Cappuccino
2024-06-03,14:33:01,card,ANON-0000-0000-0024,32.82,"Americano with Milk"
2024-06-03,14:34:07,card,ANON-0000-0000-0009,37.72,Latte
2024-06-03,21:42:52,cash,,34.00,"Americano with Milk"
2024-06-03,21:43:37,cash,,34.00,"Americano with Milk"
2024-06-04,09:23:43,card,ANON-0000-0000-0141,27.92,Cortado
2024-06-04,10:27:14,card,ANON-0000-0000-0097,32.82,"Americano with Milk"
2024-06-04,12:02:10,card,ANON-0000-0000-0254,37.72,Latte
2024-06-04,12:05:29,card,ANON-0000-0000-0254,37.72,"Hot Chocolate"
2024-06-04,15:30:32,card,ANON-0000-0000-0255,37.72,Latte
2024-06-04,17:46:37,card,ANON-0000-0000-0192,27.92,Cortado
2024-06-04,17:47:29,card,ANON-0000-0000-0192,37.72,Cappuccino
2024-06-04,20:13:01,card,ANON-0000-0000-0256,37.72,"Hot Chocolate"
2024-06-04,20:50:34,card,ANON-0000-0000-0257,37.72,Cappuccino
2024-06-04,21:31:59,card,ANON-0000-0000-0258,27.92,Cortado
2024-06-04,21:33:03,card,ANON-0000-0000-0259,32.82,"Americano with Milk"
2024-06-04,21:34:56,card,ANON-0000-0000-0260,32.82,"Americano with Milk"
2024-06-04,21:36:07,card,ANON-0000-0000-0260,32.82,"Americano with Milk"
2024-06-04,21:37:15,card,ANON-0000-0000-0260,32.82,"Americano with Milk"
2024-06-05,08:21:49,card,ANON-0000-0000-0261,37.72,Cappuccino
2024-06-05,08:23:07,card,ANON-0000-0000-0261,37.72,Cappuccino
2024-06-05,09:22:43,card,ANON-0000-0000-0262,27.92,Americano
2024-06-05,10:28:51,card,ANON-0000-0000-0001,37.72,Latte
2024-06-05,10:40:53,card,ANON-0000-0000-0097,32.82,"Americano with Milk"
2024-06-05,19:43:58,card,ANON-0000-0000-0263,32.82,"Americano with Milk"
2024-06-05,19:59:54,card,ANON-0000-0000-0264,37.72,Latte
2024-06-05,20:10:48,card,ANON-0000-0000-0220,37.72,Cocoa
2024-06-05,20:12:02,card,ANON-0000-0000-0220,27.92,Cortado
2024-06-06,08:52:56,card,ANON-0000-0000-0097,32.82,"Americano with Milk"
2024-06-06,08:54:08,card,ANON-0000-0000-0097,32.82,"Americano with Milk"
2024-06-06,10:36:10,card,ANON-0000-0000-0001,37.72,Latte
2024-06-06,12:17:41,card,ANON-0000-0000-0265,27.92,Americano
2024-06-06,15:11:14,card,ANON-0000-0000-0224,32.82,"Americano with Milk"
2024-06-06,15:24:06,card,ANON-0000-0000-0266,37.72,Cappuccino
2024-06-06,21:14:05,card,ANON-0000-0000-0267,37.72,Latte
2024-06-06,21:15:42,card,ANON-0000-0000-0267,37.72,Latte
2024-06-06,21:18:27,card,ANON-0000-0000-0206,37.72,Cappuccino
2024-06-06,21:19:30,card,ANON-0000-0000-0206,32.82,"Americano with Milk"
2024-06-06,21:21:04,card,ANON-0000-0000-0267,37.72,Latte
2024-06-07,08:18:04,card,ANON-0000-0000-0268,37.72,Cappuccino
2024-06-07,10:35:28,card,ANON-0000-0000-0269,23.02,Espresso
2024-06-07,13:34:18,card,ANON-0000-0000-0164,32.82,"Americano with Milk"
2024-06-07,16:45:42,card,ANON-0000-0000-0270,27.92,Cortado
2024-06-07,16:47:15,card,ANON-0000-0000-0270,27.92,Cortado
2024-06-08,09:04:20,card,ANON-0000-0000-0271,27.92,Cortado
2024-06-08,09:26:11,card,ANON-0000-0000-0097,32.82,"Americano with Milk"
2024-06-08,20:24:54,card,ANON-0000-0000-0134,37.72,Cappuccino
2024-06-08,20:25:56,card,ANON-0000-0000-0134,37.72,Cappuccino
2024-06-09,08:15:53,card,ANON-0000-0000-0097,37.72,Latte
2024-06-09,10:30:04,card,ANON-0000-0000-0272,37.72,Latte
2024-06-09,10:52:06,card,ANON-0000-0000-0273,37.72,Cappuccino
2024-06-09,11:04:41,card,ANON-0000-0000-0141,27.92,Cortado
2024-06-09,11:07:08,card,ANON-0000-0000-0274,23.02,Espresso
2024-06-09,11:52:50,card,ANON-0000-0000-0275,37.72,Cappuccino
2024-06-09,12:11:24,card,ANON-0000-0000-0276,32.82,"Americano with Milk"
2024-06-09,12:13:08,card,ANON-0000-0000-0276,37.72,Latte
2024-06-09,12:14:11,card,ANON-0000-0000-0276,37.72,Latte
2024-06-09,15:10:31,card,ANON-0000-0000-0277,27.92,Cortado
2024-06-09,16:17:28,card,ANON-0000-0000-0278,37.72,Cappuccino
2024-06-09,19:21:19,card,ANON-0000-0000-0279,32.82,"Americano with Milk"
2024-06-09,21:05:09,card,ANON-0000-0000-0280,27.92,Americano
2024-06-10,12:47:50,card,ANON-0000-0000-0281,37.72,Cappuccino
2024-06-10,12:56:48,card,ANON-0000-0000-0097,37.72,Latte
2024-06-10,19:04:28,card,ANON-0000-0000-0282,37.72,"Hot Chocolate"
2024-06-10,19:05:23,card,ANON-0000-0000-0282,37.72,"Hot Chocolate"
2024-06-10,19:37:24,card,ANON-0000-0000-0283,37.72,Latte
2024-06-10,19:38:20,card,ANON-0000-0000-0283,37.72,Latte
2024-06-11,10:38:04,card,ANON-0000-0000-0284,32.82,"Americano with Milk"
2024-06-11,18:48:25,card,ANON-0000-0000-0285,37.72,Latte
2024-06-11,18:49:36,card,ANON-0000-0000-0285,37.72,Latte
2024-06-11,21:17:03,card,ANON-0000-0000-0286,37.72,"Hot Chocolate"
2024-06-11,21:27:42,card,ANON-0000-0000-0287,32.82,"Americano with Milk"
2024-06-11,21:28:50,card,ANON-0000-0000-0287,32.82,"Americano with Milk"
2024-06-12,10:18:19,card,ANON-0000-0000-0288,37.72,"Hot Chocolate"
2024-06-12,11:51:44,card,ANON-0000-0000-0289,37.72,Cappuccino
2024-06-12,17:41:17,card,ANON-0000-0000-0283,37.72,Latte
2024-06-12,17:47:28,card,ANON-0000-0000-0290,37.72,Latte
2024-06-12,20:16:34,card,ANON-0000-0000-0256,37.72,"Hot Chocolate"
2024-06-12,20:25:34,card,ANON-0000-0000-0291,32.82,"Americano with Milk"
2024-06-13,08:54:24,card,ANON-0000-0000-0292,27.92,Americano
2024-06-13,08:57:26,card,ANON-0000-0000-0097,37.72,Latte
2024-06-13,09:50:25,card,ANON-0000-0000-0293,32.82,"Americano with Milk"
2024-06-13,09:57:12,card,ANON-0000-0000-0141,27.92,Cortado
2024-06-13,17:04:59,card,ANON-0000-0000-0294,32.82,"Americano with Milk"
2024-06-13,17:27:47,card,ANON-0000-0000-0295,37.72,"Hot Chocolate"
2024-06-13,19:22:19,card,ANON-0000-0000-0296,37.72,Latte
2024-06-13,20:20:52,card,ANON-0000-0000-0012,32.82,"Americano with Milk"
2024-06-13,20:43:46,card,ANON-0000-0000-0012,23.02,Espresso
2024-06-13,20:45:01,card,ANON-0000-0000-0295,23.02,Espresso
2024-06-13,20:48:18,card,ANON-0000-0000-0009,32.82,"Americano with Milk"
2024-06-13,21:02:28,card,ANON-0000-0000-0009,32.82,"Americano with Milk"
2024-06-14,07:46:13,card,ANON-0000-0000-0141,27.92,Cortado
2024-06-14,10:30:32,card,ANON-0000-0000-0297,27.92,Americano
2024-06-14,12:14:42,card,ANON-0000-0000-0097,37.72,Latte
2024-06-14,18:29:53,card,ANON-0000-0000-0298,32.82,"Americano with Milk"
2024-06-15,11:26:02,card,ANON-0000-0000-0299,37.72,Cappuccino
2024-06-15,12:21:28,card,ANON-0000-0000-0300,37.72,Latte
2024-06-15,12:22:47,card,ANON-0000-0000-0300,32.82,"Americano with Milk"
2024-06-15,12:23:52,card,ANON-0000-0000-0300,23.02,Espresso
2024-06-15,12:24:35,card,ANON-0000-0000-0300,37.72,Cocoa
2024-06-15,12:25:24,card,ANON-0000-0000-0300,32.82,"Americano with Milk"
2024-06-15,16:03:30,card,ANON-0000-0000-0301,32.82,"Americano with Milk"
2024-06-15,18:14:05,card,ANON-0000-0000-0302,27.92,Americano
2024-06-16,10:43:51,card,ANON-0000-0000-0059,32.82,"Americano with Milk"
2024-06-16,10:58:41,card,ANON-0000-0000-0303,37.72,Latte
2024-06-16,11:00:38,card,ANON-0000-0000-0303,37.72,"Hot Chocolate"
2024-06-16,11:01:41,card,ANON-0000-0000-0303,37.72,"Hot Chocolate"
2024-06-16,12:49:28,card,ANON-0000-0000-0276,32.82,"Americano with Milk"
2024-06-16,14:00:39,card,ANON-0000-0000-0274,23.02,Espresso
2024-06-16,15:02:36,card,ANON-0000-0000-0304,32.82,"Americano with Milk"
2024-06-16,15:05:10,card,ANON-0000-0000-0304,32.82,"Americano with Milk"
2024-06-16,15:44:00,card,ANON-0000-0000-0305,37.72,"Hot Chocolate"
2024-06-16,16:47:37,card,ANON-0000-0000-0306,37.72,"Hot Chocolate"
2024-06-16,17:45:17,card,ANON-0000-0000-0059,32.82,"Americano with Milk"
2024-06-16,17:46:17,card,ANON-0000-0000-0059,32.82,"Americano with Milk"
2024-06-17,08:57:24,card,ANON-0000-0000-0307,27.92,Americano
2024-06-17,10:12:05,card,ANON-0000-0000-0308,27.92,Cortado
2024-06-17,10:13:38,card,ANON-0000-0000-0308,27.92,Cortado
2024-06-17,10:55:52,card,ANON-0000-0000-0042,37.72,Cappuccino
2024-06-17,14:51:35,card,ANON-0000-0000-0164,37.72,Cappuccino
2024-06-17,16:50:13,card,ANON-0000-0000-0012,37.72,Cappuccino
2024-06-17,16:51:11,card,ANON-0000-0000-0012,37.72,Cappuccino
2024-06-17,16:52:36,card,ANON-0000-0000-0012,27.92,Americano
2024-06-17,18:51:20,card,ANON-0000-0000-0309,27.92,Americano
2024-06-17,21:16:11,card,ANON-0000-0000-0009,32.82,"Americano with Milk"
2024-06-18,14:04:06,card,ANON-0000-0000-0299,27.92,Americano
2024-06-18,14:05:12,card,ANON-0000-0000-0299,37.72,Cappuccino
2024-06-18,19:20:41,card,ANON-0000-0000-0154,37.72,Cappuccino
2024-06-18,19:21:39,card,ANON-0000-0000-0154,37.72,Cappuccino
2024-06-18,20:35:49,card,ANON-0000-0000-0310,27.92,Cortado
2024-06-18,21:20:50,card,ANON-0000-0000-0012,32.82,"Americano with Milk"
2024-06-18,21:22:19,card,ANON-0000-0000-0012,32.82,"Americano with Milk"
2024-06-19,07:47:20,card,ANON-0000-0000-0311,37.72,Latte
2024-06-19,08:17:55,card,ANON-0000-0000-0141,27.92,Cortado
2024-06-19,10:54:00,card,ANON-0000-0000-0312,27.92,Americano
2024-06-19,11:11:28,card,ANON-0000-0000-0313,37.72,Latte
2024-06-19,11:12:31,card,ANON-0000-0000-0313,37.72,Cocoa
2024-06-19,14:21:36,card,ANON-0000-0000-0164,32.82,"Americano with Milk"
2024-06-19,18:28:43,card,ANON-0000-0000-0153,37.72,Cappuccino
2024-06-19,18:29:59,card,ANON-0000-0000-0153,37.72,Latte
2024-06-19,19:31:31,card,ANON-0000-0000-0009,32.82,"Americano with Milk"
2024-06-19,21:28:59,card,ANON-0000-0000-0192,37.72,Cappuccino
2024-06-19,21:30:03,card,ANON-0000-0000-0192,32.82,"Americano with Milk"
2024-06-20,10:50:06,card,ANON-0000-0000-0097,37.72,Latte
2024-06-20,18:59:02,card,ANON-0000-0000-0314,37.72,Latte
2024-06-20,19:00:00,card,ANON-0000-0000-0314,37.72,Latte
2024-06-20,21:39:10,card,ANON-0000-0000-0257,37.72,Latte
2024-06-20,21:57:41,card,ANON-0000-0000-0009,37.72,Latte
2024-06-20,21:59:18,card,ANON-0000-0000-0009,32.82,"Americano with Milk"
2024-06-21,09:59:56,card,ANON-0000-0000-0311,37.72,Latte
2024-06-21,10:01:40,card,ANON-0000-0000-0315,27.92,Americano
2024-06-21,13:19:19,card,ANON-0000-0000-0012,32.82,"Americano with Milk"
2024-06-21,13:20:32,card,ANON-0000-0000-0012,32.82,"Americano with Milk"
2024-06-21,18:12:16,card,ANON-0000-0000-0316,23.02,Espresso
2024-06-21,19:30:27,card,ANON-0000-0000-0009,37.72,Latte
2024-06-21,19:47:06,card,ANON-0000-0000-0154,37.72,Cappuccino
2024-06-21,19:48:07,card,ANON-0000-0000-0154,37.72,Cappuccino
2024-06-21,19:49:55,card,ANON-0000-0000-0180,37.72,Cappuccino
2024-06-21,19:51:00,card,ANON-0000-0000-0180,37.72,Cappuccino
2024-06-21,19:52:19,card,ANON-0000-0000-0180,27.92,Americano
2024-06-21,19:55:37,card,ANON-0000-0000-0311,32.82,"Americano with Milk"
2024-06-22,08:39:50,card,ANON-0000-0000-0141,27.92,Cortado
2024-06-22,09:37:49,card,ANON-0000-0000-0311,32.82,"Americano with Milk"
2024-06-22,12:53:16,card,ANON-0000-0000-0317,32.82,"Americano with Milk"
2024-06-22,15:37:20,card,ANON-0000-0000-0009,37.72,Latte
2024-06-22,22:10:23,card,ANON-0000-0000-0318,37.72,Cappuccino
2024-06-23,18:12:01,card,ANON-0000-0000-0012,32.82,"Americano with Milk"
2024-06-23,18:13:51,card,ANON-0000-0000-0012,32.82,"Americano with Milk"
2024-06-23,21:06:47,card,ANON-0000-0000-0319,37.72,Cappuccino
2024-06-23,21:29:08,card,ANON-0000-0000-0320,37.72,Latte
2024-06-23,21:30:36,card,ANON-0000-0000-0320,37.72,Cappuccino
2024-06-24,11:44:40,card,ANON-0000-0000-0164,32.82,"Americano with Milk"
2024-06-24,11:49:36,card,ANON-0000-0000-0180,37.72,Cappuccino
2024-06-24,11:50:44,card,ANON-0000-0000-0180,37.72,Cappuccino
2024-06-24,15:02:29,card,ANON-0000-0000-0321,37.72,Latte
2024-06-24,16:46:01,card,ANON-0000-0000-0203,37.72,Cappuccino
2024-06-24,16:47:00,card,ANON-0000-0000-0203,37.72,Cappuccino
2024-06-25,08:19:24,card,ANON-0000-0000-0322,37.72,Latte
2024-06-25,10:28:26,card,ANON-0000-0000-0012,32.82,"Americano with Milk"
2024-06-25,10:29:42,card,ANON-0000-0000-0040,32.82,"Americano with Milk"
2024-06-25,11:34:52,card,ANON-0000-0000-0203,37.72,Cappuccino
2024-06-26,09:33:02,card,ANON-0000-0000-0323,37.72,Latte
2024-06-26,16:32:29,card,ANON-0000-0000-0324,23.02,Espresso
2024-06-26,16:34:02,card,ANON-0000-0000-0325,27.92,Americano
2024-06-26,21:21:53,card,ANON-0000-0000-0009,37.72,Latte
2024-06-26,21:27:01,card,ANON-0000-0000-0009,37.72,Cappuccino
2024-06-26,21:28:15,card,ANON-0000-0000-0206,32.82,"Americano with Milk"
2024-06-27,09:15:43,card,ANON-0000-0000-0326,32.82,"Americano with Milk"
2024-06-27,16:11:48,card,ANON-0000-0000-0327,27.92,Cortado
2024-06-27,21:44:03,card,ANON-0000-0000-0328,32.82,"Americano with Milk"
2024-06-27,21:50:32,card,ANON-0000-0000-0329,37.72,Cappuccino
2024-06-28,08:08:35,card,ANON-0000-0000-0141,27.92,Cortado
2024-06-28,17:51:54,card,ANON-0000-0000-0274,23.02,Espresso
2024-06-28,21:50:55,card,ANON-0000-0000-0330,32.82,"Americano with Milk"
2024-06-28,21:52:02,card,ANON-0000-0000-0331,37.72,Latte
2024-06-28,22:28:20,card,ANON-0000-0000-0332,37.72,Cappuccino
2024-06-29,09:47:10,card,ANON-0000-0000-0097,32.82,"Americano with Milk"
2024-06-29,11:40:20,card,ANON-0000-0000-0333,32.82,"Americano with Milk"
2024-06-29,11:41:27,card,ANON-0000-0000-0333,32.82,"Americano with Milk"
2024-06-29,12:30:24,card,ANON-0000-0000-0334,37.72,Cappuccino
2024-06-29,12:31:43,card,ANON-0000-0000-0334,37.72,Cappuccino
2024-06-29,17:23:44,card,ANON-0000-0000-0335,37.72,Cappuccino
2024-06-29,17:24:52,card,ANON-0000-0000-0335,37.72,"Hot Chocolate"
2024-06-29,21:27:22,card,ANON-0000-0000-0009,37.72,Latte
2024-06-30,10:28:10,card,ANON-0000-0000-0336,37.72,Latte
2024-06-30,13:05:51,card,ANON-0000-0000-0337,23.02,Espresso
2024-06-30,16:54:42,card,ANON-0000-0000-0009,37.72,"Hot Chocolate"
2024-06-30,21:04:10,card,ANON-0000-0000-0097,32.82,"Americano with Milk"
2024-07-01,18:07:27,card,ANON-0000-0000-0012,23.02,Espresso
2024-07-01,18:56:52,card,ANON-0000-0000-0338,37.72,Cappuccino
2024-07-01,18:57:54,card,ANON-0000-0000-0339,37.72,Cappuccino
2024-07-02,10:42:54,card,ANON-0000-0000-0304,32.82,"Americano with Milk"
2024-07-02,10:45:01,card,ANON-0000-0000-0304,27.92,Americano
2024-07-02,12:48:05,card,ANON-0000-0000-0019,37.72,Latte
2024-07-02,14:03:13,card,ANON-0000-0000-0340,27.92,Americano
2024-07-02,16:31:24,card,ANON-0000-0000-0341,32.82,"Americano with Milk"
2024-07-02,22:02:24,card,ANON-0000-0000-0329,32.82,"Americano with Milk"
2024-07-03,13:51:15,card,ANON-0000-0000-0012,32.82,"Americano with Milk"
2024-07-03,16:01:17,card,ANON-0000-0000-0342,37.72,Cappuccino
2024-07-03,16:50:25,card,ANON-0000-0000-0343,37.72,Cappuccino
2024-07-03,16:53:16,card,ANON-0000-0000-0270,32.82,"Americano with Milk"
2024-07-03,16:54:23,card,ANON-0000-0000-0344,32.82,"Americano with Milk"
2024-07-03,16:55:31,card,ANON-0000-0000-0270,37.72,Latte
2024-07-03,16:59:26,card,ANON-0000-0000-0345,23.02,Espresso
2024-07-03,17:59:02,card,ANON-0000-0000-0346,37.72,Cappuccino
2024-07-03,19:06:09,card,ANON-0000-0000-0009,37.72,Latte
2024-07-04,10:26:24,card,ANON-0000-0000-0143,32.82,"Americano with Milk"
2024-07-04,10:27:30,card,ANON-0000-0000-0012,27.92,Americano
2024-07-05,12:20:29,card,ANON-0000-0000-0058,37.72,Cocoa
2024-07-05,13:43:43,card,ANON-0000-0000-0040,32.82,"Americano with Milk"
2024-07-05,13:44:44,card,ANON-0000-0000-0347,32.82,"Americano with Milk"
2024-07-05,18:55:56,card,ANON-0000-0000-0348,23.02,Espresso
2024-07-05,19:55:08,card,ANON-0000-0000-0099,27.92,Americano
2024-07-05,22:11:56,card,ANON-0000-0000-0349,23.02,Espresso
2024-07-05,22:18:03,card,ANON-0000-0000-0350,27.92,Americano
2024-07-05,22:18:57,card,ANON-0000-0000-0350,27.92,Americano
2024-07-05,22:20:01,card,ANON-0000-0000-0351,37.72,Cappuccino
2024-07-05,22:21:09,card,ANON-0000-0000-0351,32.82,"Americano with Milk"
2024-07-06,10:28:07,card,ANON-0000-0000-0352,37.72,Latte
2024-07-06,17:15:46,card,ANON-0000-0000-0009,32.82,Latte
2024-07-06,17:17:01,card,ANON-0000-0000-0009,32.82,Latte
2024-07-06,19:09:46,card,ANON-0000-0000-0012,32.82,Latte
2024-07-06,19:10:40,card,ANON-0000-0000-0012,27.92,"Americano with Milk"
2024-07-07,09:04:20,card,ANON-0000-0000-0303,32.82,Cappuccino
2024-07-07,09:14:29,card,ANON-0000-0000-0353,27.92,"Americano with Milk"
2024-07-07,09:15:37,card,ANON-0000-0000-0353,27.92,"Americano with Milk"
2024-07-07,09:28:49,card,ANON-0000-0000-0354,32.82,Cappuccino
2024-07-07,09:29:56,card,ANON-0000-0000-0354,32.82,Cappuccino
2024-07-07,14:56:30,card,ANON-0000-0000-0355,32.82,"Hot Chocolate"
2024-07-07,14:57:47,card,ANON-0000-0000-0355,32.82,Cocoa
2024-07-07,17:07:50,card,ANON-0000-0000-0356,32.82,Latte
2024-07-07,19:33:27,card,ANON-0000-0000-0357,32.82,Cappuccino
2024-07-07,20:01:32,card,ANON-0000-0000-0358,32.82,"Hot Chocolate"
2024-07-07,22:33:36,card,ANON-0000-0000-0359,27.92,"Americano with Milk"
2024-07-08,07:33:08,card,ANON-0000-0000-0360,32.82,Latte
2024-07-08,12:02:50,card,ANON-0000-0000-0361,23.02,Americano
2024-07-08,14:40:24,card,ANON-0000-0000-0362,23.02,Americano
2024-07-08,19:30:35,card,ANON-0000-0000-0363,27.92,"Americano with Milk"
2024-07-08,22:14:46,card,ANON-0000-0000-0019,32.82,Latte
2024-07-09,10:26:52,card,ANON-0000-0000-0333,27.92,"Americano with Milk"
2024-07-09,10:40:29,card,ANON-0000-0000-0276,27.92,"Americano with Milk"
2024-07-09,11:21:36,card,ANON-0000-0000-0194,27.92,"Americano with Milk"
2024-07-09,11:22:50,card,ANON-0000-0000-0194,32.82,Cappuccino
2024-07-09,16:43:00,card,ANON-0000-0000-0364,27.92,"Americano with Milk"
2024-07-10,11:10:42,card,ANON-0000-0000-0365,23.02,Americano
2024-07-10,12:28:54,card,ANON-0000-0000-0366,27.92,"Americano with Milk"
2024-07-10,22:13:10,card,ANON-0000-0000-0328,32.82,Latte
2024-07-11,11:27:28,card,ANON-0000-0000-0367,32.82,"Hot Chocolate"
2024-07-11,16:48:19,card,ANON-0000-0000-0368,27.92,"Americano with Milk"
2024-07-11,22:22:14,card,ANON-0000-0000-0369,32.82,Latte
2024-07-11,22:30:59,card,ANON-0000-0000-0370,23.02,Americano
2024-07-12,08:03:17,card,ANON-0000-0000-0371,23.02,Cortado
2024-07-12,11:48:33,card,ANON-0000-0000-0372,32.82,"Hot Chocolate"
2024-07-12,22:33:26,card,ANON-0000-0000-0178,32.82,"Hot Chocolate"
2024-07-12,22:34:14,card,ANON-0000-0000-0177,32.82,"Hot Chocolate"
2024-07-12,22:35:30,card,ANON-0000-0000-0179,32.82,"Hot Chocolate"
2024-07-13,10:38:10,card,ANON-0000-0000-0365,32.82,Latte
2024-07-13,11:41:38,card,ANON-0000-0000-0365,32.82,Latte
2024-07-14,10:54:24,card,ANON-0000-0000-0373,23.02,Americano
2024-07-14,10:55:31,card,ANON-0000-0000-0373,27.92,"Americano with Milk"
2024-07-14,10:56:30,card,ANON-0000-0000-0373,32.82,Cappuccino
2024-07-14,10:57:54,card,ANON-0000-0000-0374,32.82,Latte
2024-07-14,11:02:12,card,ANON-0000-0000-0375,23.02,Americano
2024-07-14,22:31:30,card,ANON-0000-0000-0376,32.82,Latte
2024-07-15,07:33:06,card,ANON-0000-0000-0377,32.82,Cappuccino
2024-07-16,12:23:37,card,ANON-0000-0000-0378,27.92,"Americano with Milk"
2024-07-16,19:29:25,card,ANON-0000-0000-0367,32.82,"Hot Chocolate"
2024-07-17,13:05:00,card,ANON-0000-0000-0379,27.92,"Americano with Milk"
2024-07-18,11:10:13,card,ANON-0000-0000-0380,27.92,"Americano with Milk"
2024-07-18,11:11:23,card,ANON-0000-0000-0381,18.12,Espresso
2024-07-18,11:33:00,card,ANON-0000-0000-0059,23.02,Americano
2024-07-18,11:34:48,card,ANON-0000-0000-0059,23.02,Americano
2024-07-18,11:35:52,card,ANON-0000-0000-0059,23.02,Cortado
2024-07-18,13:23:34,card,ANON-0000-0000-0375,32.82,Latte
2024-07-18,18:18:23,card,ANON-0000-0000-0382,32.82,Cappuccino
2024-07-18,19:30:51,card,ANON-0000-0000-0009,32.82,Latte
2024-07-18,21:19:42,card,ANON-0000-0000-0383,32.82,"Hot Chocolate"
2024-07-18,21:22:00,card,ANON-0000-0000-0383,32.82,Latte
2024-07-18,21:46:19,card,ANON-0000-0000-0384,32.82,Latte
2024-07-19,11:03:02,card,ANON-0000-0000-0375,23.02,Americano
2024-07-19,11:16:21,card,ANON-0000-0000-0385,27.92,"Americano with Milk"
2024-07-19,12:58:38,card,ANON-0000-0000-0386,32.82,Latte
2024-07-19,12:59:55,card,ANON-0000-0000-0386,27.92,"Americano with Milk"
2024-07-19,14:09:21,card,ANON-0000-0000-0384,32.82,Latte
2024-07-19,14:11:22,card,ANON-0000-0000-0384,32.82,Cocoa
2024-07-19,16:36:19,card,ANON-0000-0000-0384,32.82,Latte
2024-07-19,16:37:36,card,ANON-0000-0000-0384,32.82,Latte
2024-07-20,08:05:44,card,ANON-0000-0000-0387,23.02,Americano
2024-07-20,08:06:49,card,ANON-0000-0000-0387,32.82,Latte
2024-07-20,08:07:51,card,ANON-0000-0000-0387,23.02,Americano
2024-07-20,09:00:54,card,ANON-0000-0000-0388,32.82,Latte
2024-07-20,09:02:28,card,ANON-0000-0000-0389,32.82,Latte
2024-07-20,10:39:21,card,ANON-0000-0000-0390,23.02,Americano
2024-07-20,15:15:09,card,ANON-0000-0000-0391,32.82,Latte
2024-07-21,10:30:56,card,ANON-0000-0000-0367,32.82,Cocoa
2024-07-21,11:39:29,card,ANON-0000-0000-0392,32.82,Cappuccino
2024-07-21,13:34:31,card,ANON-0000-0000-0393,23.02,Cortado
2024-07-21,13:42:31,card,ANON-0000-0000-0394,32.82,Latte
2024-07-22,08:13:23,card,ANON-0000-0000-0375,23.02,Americano
2024-07-22,08:40:50,card,ANON-0000-0000-0395,23.02,Americano
2024-07-22,10:15:37,card,ANON-0000-0000-0385,27.92,"Americano with Milk"
2024-07-22,16:44:38,card,ANON-0000-0000-0396,32.82,Latte
2024-07-23,08:12:56,card,ANON-0000-0000-0197,32.82,Latte
2024-07-23,08:40:19,card,ANON-0000-0000-0395,23.02,Americano
2024-07-23,08:44:54,card,ANON-0000-0000-0397,27.92,"Americano with Milk"
2024-07-23,08:49:25,card,ANON-0000-0000-0398,32.82,Cocoa
2024-07-23,08:51:10,card,ANON-0000-0000-0399,32.82,Latte
2024-07-23,09:01:46,card,ANON-0000-0000-0375,23.02,Americano
2024-07-23,10:03:36,card,ANON-0000-0000-0400,27.92,"Americano with Milk"
2024-07-23,15:20:05,card,ANON-0000-0000-0401,27.92,"Americano with Milk"
2024-07-23,15:21:01,card,ANON-0000-0000-0401,32.82,Latte
2024-07-23,21:01:41,card,ANON-0000-0000-0009,32.82,Latte
2024-07-23,21:23:14,card,ANON-0000-0000-0012,23.02,Americano
2024-07-23,21:24:23,card,ANON-0000-0000-0012,23.02,Americano
2024-07-24,09:16:10,card,ANON-0000-0000-0097,27.92,"Americano with Milk"
2024-07-24,09:38:55,card,ANON-0000-0000-0385,27.92,"Americano with Milk"
2024-07-24,09:54:37,card,ANON-0000-0000-0402,18.12,Espresso
2024-07-24,11:43:53,card,ANON-0000-0000-0379,32.82,Cappuccino
2024-07-24,13:55:14,card,ANON-0000-0000-0399,32.82,Latte
2024-07-24,14:45:50,card,ANON-0000-0000-0012,18.12,Espresso
2024-07-24,15:18:31,card,ANON-0000-0000-0009,32.82,Latte
2024-07-24,19:15:06,card,ANON-0000-0000-0205,32.82,Cappuccino
2024-07-24,19:17:00,card,ANON-0000-0000-0205,32.82,Cappuccino
2024-07-24,21:17:37,card,ANON-0000-0000-0040,27.92,"Americano with Milk"
2024-07-24,21:18:41,card,ANON-0000-0000-0040,23.02,Americano
2024-07-24,21:25:17,card,ANON-0000-0000-0012,23.02,Americano
2024-07-25,07:54:48,card,ANON-0000-0000-0012,23.02,Americano
2024-07-25,08:49:18,card,ANON-0000-0000-0399,32.82,Latte
2024-07-25,10:29:45,card,ANON-0000-0000-0385,27.92,"Americano with Milk"
2024-07-25,11:26:05,card,ANON-0000-0000-0375,23.02,Americano
2024-07-25,15:25:07,card,ANON-0000-0000-0403,32.82,Cappuccino
2024-07-25,19:21:01,card,ANON-0000-0000-0257,32.82,Cappuccino
2024-07-25,21:06:01,card,ANON-0000-0000-0404,23.02,Cortado
2024-07-25,21:06:50,card,ANON-0000-0000-0404,18.12,Espresso
2024-07-25,22:38:51,card,ANON-0000-0000-0328,23.02,Cortado
2024-07-25,22:39:47,card,ANON-0000-0000-0405,32.82,Cocoa
2024-07-26,08:33:01,card,ANON-0000-0000-0406,32.82,Latte
2024-07-26,09:19:37,card,ANON-0000-0000-0097,27.92,"Americano with Milk"
2024-07-26,09:20:34,card,ANON-0000-0000-0059,18.12,Espresso
2024-07-26,09:33:12,card,ANON-0000-0000-0407,23.02,Cortado
2024-07-26,09:34:17,card,ANON-0000-0000-0407,23.02,Cortado
2024-07-26,09:59:08,card,ANON-0000-0000-0408,32.82,Latte
2024-07-26,10:00:03,card,ANON-0000-0000-0408,32.82,Latte
2024-07-26,11:47:14,card,ANON-0000-0000-0385,27.92,"Americano with Milk"
2024-07-26,12:07:02,card,ANON-0000-0000-0379,27.92,"Americano with Milk"
2024-07-26,12:28:08,card,ANON-0000-0000-0339,32.82,Cappuccino
2024-07-26,12:29:18,card,ANON-0000-0000-0339,32.82,Cappuccino
2024-07-26,13:09:56,card,ANON-0000-0000-0409,32.82,Latte
2024-07-26,17:23:29,card,ANON-0000-0000-0410,23.02,Americano
2024-07-26,17:58:29,card,ANON-0000-0000-0411,32.82,Cappuccino
2024-07-26,21:15:10,card,ANON-0000-0000-0009,32.82,Latte
2024-07-26,22:49:52,card,ANON-0000-0000-0412,27.92,"Americano with Milk"
2024-07-27,09:09:16,card,ANON-0000-0000-0097,32.82,Cappuccino
2024-07-27,11:55:31,card,ANON-0000-0000-0413,27.92,"Americano with Milk"
2024-07-27,12:25:10,card,ANON-0000-0000-0059,27.92,"Americano with Milk"
2024-07-27,12:26:13,card,ANON-0000-0000-0040,18.12,Espresso
2024-07-27,12:33:23,card,ANON-0000-0000-0059,27.92,"Americano with Milk"
2024-07-27,14:28:42,card,ANON-0000-0000-0225,18.12,Espresso
2024-07-27,14:51:53,card,ANON-0000-0000-0077,32.82,Latte
2024-07-27,17:02:33,card,ANON-0000-0000-0414,32.82,Cappuccino
2024-07-27,17:03:39,card,ANON-0000-0000-0415,32.82,Cappuccino
2024-07-27,17:09:00,card,ANON-0000-0000-0416,27.92,"Americano with Milk"
2024-07-27,17:10:08,card,ANON-0000-0000-0416,27.92,"Americano with Milk"
2024-07-27,20:55:20,card,ANON-0000-0000-0009,32.82,Latte
2024-07-27,22:56:24,card,ANON-0000-0000-0417,32.82,Cappuccino
2024-07-28,11:07:26,card,ANON-0000-0000-0012,18.12,Espresso
2024-07-28,14:17:54,card,ANON-0000-0000-0276,27.92,"Americano with Milk"
2024-07-28,14:18:52,card,ANON-0000-0000-0276,32.82,Latte
2024-07-29,08:12:06,card,ANON-0000-0000-0418,32.82,Latte
2024-07-29,09:04:48,card,ANON-0000-0000-0012,23.02,Americano
2024-07-29,09:15:46,card,ANON-0000-0000-0097,27.92,"Americano with Milk"
2024-07-29,09:19:44,card,ANON-0000-0000-0003,23.02,Americano
2024-07-29,09:51:25,card,ANON-0000-0000-0419,27.92,"Americano with Milk"
2024-07-29,09:58:30,card,ANON-0000-0000-0420,32.82,Cappuccino
2024-07-29,10:43:44,card,ANON-0000-0000-0421,32.82,"Hot Chocolate"
2024-07-29,10:44:56,card,ANON-0000-0000-0421,32.82,"Hot Chocolate"
2024-07-29,19:06:31,card,ANON-0000-0000-0422,32.82,Cappuccino
2024-07-29,19:30:16,card,ANON-0000-0000-0099,23.02,Americano
2024-07-29,21:57:34,card,ANON-0000-0000-0328,32.82,Cocoa
2024-07-30,07:41:11,card,ANON-0000-0000-0423,27.92,"Americano with Milk"
2024-07-30,08:05:07,card,ANON-0000-0000-0424,23.02,Cortado
2024-07-30,08:20:51,card,ANON-0000-0000-0425,32.82,Cappuccino
2024-07-30,09:13:43,card,ANON-0000-0000-0097,27.92,"Americano with Milk"
2024-07-30,10:17:11,card,ANON-0000-0000-0141,23.02,Cortado
2024-07-30,10:19:34,card,ANON-0000-0000-0276,27.92,"Americano with Milk"
2024-07-30,10:23:20,card,ANON-0000-0000-0250,32.82,Latte
2024-07-30,11:12:07,card,ANON-0000-0000-0426,23.02,Americano
2024-07-30,11:13:16,card,ANON-0000-0000-0426,18.12,Espresso
2024-07-30,11:14:42,card,ANON-0000-0000-0427,27.92,"Americano with Milk"
2024-07-30,11:16:02,card,ANON-0000-0000-0428,27.92,"Americano with Milk"
2024-07-30,11:30:35,card,ANON-0000-0000-0429,27.92,"Americano with Milk"
2024-07-30,11:31:41,card,ANON-0000-0000-0430,27.92,"Americano with Milk"
2024-07-30,12:08:08,card,ANON-0000-0000-0431,32.82,Latte
2024-07-30,15:16:10,card,ANON-0000-0000-0432,27.92,"Americano with Milk"
2024-07-30,16:08:53,card,ANON-0000-0000-0433,23.02,Cortado
2024-07-30,16:09:44,card,ANON-0000-0000-0433,27.92,"Americano with Milk"
2024-07-30,20:24:20,card,ANON-0000-0000-0434,18.12,Espresso
2024-07-30,20:53:52,card,ANON-0000-0000-0097,27.92,"Americano with Milk"
2024-07-30,20:54:46,card,ANON-0000-0000-0097,27.92,"Americano with Milk"
2024-07-30,20:57:02,card,ANON-0000-0000-0347,27.92,"Americano with Milk"
2024-07-30,21:33:19,card,ANON-0000-0000-0435,32.82,Latte
2024-07-30,22:15:21,card,ANON-0000-0000-0436,23.02,Americano
2024-07-30,22:16:19,card,ANON-0000-0000-0436,32.82,Cappuccino
2024-07-31,07:59:52,card,ANON-0000-0000-0423,27.92,"Americano with Milk"
2024-07-31,08:37:42,card,ANON-0000-0000-0437,27.92,"Americano with Milk"
2024-07-31,08:38:38,card,ANON-0000-0000-0437,27.92,"Americano with Milk"
2024-07-31,09:54:45,card,ANON-0000-0000-0388,23.02,Americano
2024-07-31,09:55:45,card,ANON-0000-0000-0388,23.02,Americano
2024-07-31,09:58:16,card,ANON-0000-0000-0276,27.92,"Americano with Milk"
2024-07-31,13:11:43,card,ANON-0000-0000-0384,32.82,Cocoa
2024-07-31,13:14:00,card,ANON-0000-0000-0384,32.82,Latte
2024-07-31,13:24:49,card,ANON-0000-0000-0438,27.92,"Americano with Milk"
2024-07-31,17:48:07,card,ANON-0000-0000-0439,23.02,Cortado
2024-07-31,18:04:15,card,ANON-0000-0000-0440,32.82,Latte
2024-07-31,19:22:39,card,ANON-0000-0000-0441,23.02,Cortado
2024-07-31,19:28:45,card,ANON-0000-0000-0009,32.82,Latte
2024-07-31,20:46:42,card,ANON-0000-0000-0442,32.82,Cocoa
2024-07-31,20:50:07,card,ANON-0000-0000-0443,23.02,Cortado
2024-07-31,20:51:10,card,ANON-0000-0000-0443,32.82,Latte
2024-07-31,20:52:15,card,ANON-0000-0000-0153,32.82,Cappuccino
2024-07-31,20:53:35,card,ANON-0000-0000-0443,23.02,Cortado
2024-07-31,20:59:25,card,ANON-0000-0000-0040,27.92,"Americano with Milk"
2024-07-31,21:26:26,card,ANON-0000-0000-0444,32.82,Latte
2024-07-31,21:54:12,card,ANON-0000-0000-0445,32.82,Latte
2024-07-31,21:55:17,card,ANON-0000-0000-0446,32.82,Latte
